example_id,context_id,domain,context,question,claim,claim_gold_label,existing_atom_count,gold_atom_count,gold_atom_1,gold_atom_1_nli,gold_atom_2,gold_atom_2_nli,gold_atom_3,gold_atom_3_nli,gold_atom_4,gold_atom_4_nli,gold_atom_5,gold_atom_5_nli,decomposition_complete,faithful_to_claim,annotation_status,annotator_id,review_notes
finance_stress_0003,devv2_repair_fin_001,finance,"Sermaye piyasasında bağımsız denetim, yıllık finansal tabloların belirlenen raporlama ölçütlerine uygunluğu ve doğruluğu hakkında makul güvence sağlamak amacıyla yeterli ve uygun denetim kanıtı toplanmasına dayanır. Denetçi defter, kayıt ve belgeleri inceler, gerekli denetim tekniklerini uygular ve sonucunu rapora bağlar. Ara dönem finansal tablolar için yapılan sınırlı bağımsız denetimde bilgi toplama ve analitik inceleme teknikleri öne çıkar. Halka arz başvurusu ile birleşme, bölünme, devir ve tasfiye gibi durumlarda özel bağımsız denetim yapılabilir. Denetim raporu, finansal tabloların ilgili raporlama çerçevesine uygun hazırlanıp hazırlanmadığına ilişkin görüş içerir. Yeterli kanıt elde edilememesi veya önemli yanlışlık bulunması olumlu görüş dışında bir görüşe yol açabilir. Görüş türleri olumlu, sınırlı olumlu, olumsuz ve görüş vermekten kaçınmadır. Denetim raporları finansal tablolarla birlikte kamuya açıklanır.",Sermaye piyasasında bağımsız denetim türleri ve denetçi görüşü nasıl açıklanır?,Bağımsız denetimde kanıt toplanmadan görüş oluşturulur. Halka arz başvurularında özel denetim yapılmaz.,contradicted,2,,,,,,,,,,,,,,pending,,
finance_stress_0038,devv2_ma_fin_002,finance,"Kaydi sistem, sermaye piyasası araçlarının ve bu araçlara bağlı hakların fiziki senetler yerine elektronik kayıtlar üzerinden izlenmesini sağlar. Türkiye’de bu yapının merkezinde Merkezi Kayıt Kuruluşu bulunur. MKK, kaydileştirilen sermaye piyasası araçlarını ve bunlara ilişkin hakları yatırımcı hesapları temelinde elektronik ortamda takip etmekle görevlidir. Kaydileştirme süreci yatırım fonlarıyla başlamış, daha sonra Borsada işlem gören payların topluca kaydi sisteme alınmasıyla genişlemiştir. Yeni sermaye piyasası aracı ihraçlarının kaydi olarak yapılması, hak sahipliği bilgilerinin merkezi ve güncellenebilir kayıtlarla izlenmesine imkân verir. Kaydi sistem, fiziki belgenin el değiştirmesine dayalı klasik yapıdan farklıdır; mülkiyet ve hak hareketleri elektronik kayıtlar üzerinden yürütülür. Bununla birlikte MKK’nın görevi yatırımcının yerine yatırım kararı vermek veya ihraççıların ticari başarısını garanti etmek değildir. Elektronik kayıt yaklaşımı, hak hareketlerinin izlenebilirliğini ve hesap bazında güncellenmesini kolaylaştıran bir piyasa altyapısı oluşturur.",Kaydi sistemde sermaye piyasası araçları ve yatırımcı hakları nasıl izlenir? MKK bu süreçte ne yapar?,Kaydi sistem basılı senetlerin merkezi depoda tutulmasına dayanır. Yeni ihraçlarda elektronik hesap açılmadan fiziki belge düzenlenir.,contradicted,2,,,,,,,,,,,,,,pending,,
finance_stress_0039,devfs_b2_fin_005,finance,"Kredi kartlarında yıllık üyelik ücreti, sözleşmede bu ücretin alınabileceğinin belirtilmesi koşuluyla tahsil edilebilir. Bununla birlikte bankalar, yıllık üyelik ücreti bulunmayan bir kredi kartı türünü müşterilerine sunmak zorundadır. Kart hiç kullanılmamışsa yıllık üyelik ücreti alınamaz. Kesintisiz olarak en az 180 gün hareket görmeyen kredi kartı hareketsiz kart kabul edilir ve hareketsiz kaldığı sürece bu karta yıllık üyelik ücreti yansıtılamaz. Sanal kredi kartlarından ve banka kartlarından da yıllık üyelik ücreti alınmaz. Bir takvim yılında kayıp veya çalıntı gibi nedenlerle gerçekleştirilen ilk iki kart yenilemesi ücretsizdir; ikiden fazla yenileme talebinde ücret alınabilir. Ek kartın üyelik ücreti ise asıl kart ücretinin yarısını aşamaz. Bu kurallar, kart türü ve kullanım durumuna göre ücret alınabilecek ve alınamayacak hâlleri birbirinden ayırır.","Kredi kartı üyelik ücreti hangi kartlardan alınabilir, hangi durumlarda alınamaz?",Bütün kredi kartları zorunlu yıllık ücrete tabidir. Sanal kredi kartlarından da üyelik ücreti alınır.,contradicted,2,,,,,,,,,,,,,,pending,,
finance_stress_0046,devfs_b1_fin_002,finance,"Tasarruf Mevduatı Sigorta Fonu, bankacılık sisteminde tasarruf sahiplerinin hak ve menfaatlerini korumaya ve finansal istikrara katkı sağlamaya yönelik görevler yürütür. Fonun iki ana faaliyet alanı mevduat sigortacılığı ve banka çözümlemedir. Mevduat sigortacılığı kapsamında sigorta politikalarının ve düzenlemelerinin uygulanması, bankalara ilişkin risklerin izlenmesi, primlerin tahsili ve sigorta kapsamındaki risk gerçekleştiğinde hak sahiplerine ödeme yapılması yer alır. Banka çözümleme faaliyetleri ise yönetim ve denetimi Fona devredilen ya da faaliyet izni kaldırılan bankaların yeniden yapılandırılması, devri, birleştirilmesi, satışı veya tasfiyesi gibi işlemleri kapsayabilir. Fon ayrıca alacaklarını takip eder, varlık ve kaynaklarını yönetir. TMSF kamu tüzel kişiliğine ve idari-mali özerkliğe sahiptir; görevlerini yerine getirirken karar organının bağımsızlığı esastır. Fonun görevi normal koşullarda ticari banka gibi kredi vermek değildir.",TMSF’nin mevduat sigortacılığı ve banka çözümleme alanlarındaki temel görevleri nelerdir?,Mevduat ve katılım fonlarının sigortalanması bankaların kendi sorumluluğundadır. TMSF’ye devredilen bankalar normal yönetimleri altında faaliyetlerini sürdürür.,contradicted,2,,,,,,,,,,,,,,pending,,
finance_stress_0047,devfs_b6_fin_004,finance,"Türkiye Bankalar Birliği Bireysel Müşteri Hakem Heyeti, TBB üyesi bankalar ile gerçek kişi müşteriler arasındaki bireysel bankacılık uyuşmazlıklarını inceleyen ücretsiz bir başvuru yoludur. Ticari veya zirai faaliyetlere ilişkin başvurular ile tüzel kişi başvuruları kapsam dışında kalır. Hakem Heyetine gitmeden önce müşterinin bankaya yazılı başvuruda bulunması ve banka yanıtını ya da başvuru teyit belgesini edinmesi gerekir. Başvuru formu doldurulmalı, uyuşmazlık ve talep açık biçimde açıklanmalı, ilgili belgeler eklenmelidir. Yargıya, Sigorta Tahkim Komisyonuna veya Tüketici Hakem Heyetine taşınmış aynı uyuşmazlık Heyete sunulamaz. Başvuru, e-Devlet üzerinden veya kabul edilen diğer yollarla yapılabilir. Heyet bir mahkeme değildir ve yargı yoluna başvurma hakkını bütünüyle ortadan kaldırmaz. Başvurunun somut talep ve ilgili belgelerle sunulması incelemenin sağlıklı yürütülmesine yardımcı olur.",Bireysel Müşteri Hakem Heyetine kimler başvurabilir ve başvurudan önce bankaya karşı hangi işlem yapılmalıdır?,Heyete tüzel kişiler ve ticari kredi müşterileri de başvurabilir. Gerçek kişilerin başvurudan önce bankaya yazılı başvuru yapması gerekmez.,contradicted,2,,,,,,,,,,,,,,pending,,
finance_stress_0059,devfs_b3_fin_003,finance,"TAM Takas Hesaplaşma Sistemi, katılımcılar arasında ödeme kartlarıyla gerçekleştirilen işlemlere ilişkin takas ve hesaplaşmanın yürütülmesini sağlayan bir ödeme sistemidir. Sistem, Bileşim Finansal Teknolojiler ve Ödeme Sistemleri A.Ş. tarafından işletilir. Şirketin ödeme sistemi işleticisi olarak faaliyette bulunmasına ilişkin izin kararı 2020 yılında Resmî Gazete’de yayımlanmıştır. Takas sürecinde katılımcıların kartlı işlemlerden doğan karşılıklı alacak ve borçları belirlenir; hesaplaşma aşamasında ise ortaya çıkan net yükümlülüklerin yerine getirilmesi sağlanır. Sistem, her kart işleminde tüketiciye kredi veren bir banka değildir ve kart çıkaran kuruluşların yerine geçmez. İşleticinin görevi, katılımcılar arasındaki işlem bilgilerinin kurallara uygun biçimde işlenmesi ve takas-hesaplaşma sürecinin güvenilir şekilde yürütülmesidir. Sistemin kuralları, katılımcıların sorumluluklarını ve takas sonuçlarının hangi esaslarla hesaplaşmaya aktarılacağını belirleyen ortak bir çerçeve sağlar.",TAM Takas Hesaplaşma Sistemi ne işe yarar ve sistemi hangi kuruluş işletir?,TAM bireysel kredi kullandıran bir bankadır. Kartlı işlemlerde takas hizmeti başka bir yapı tarafından yürütülür.,contradicted,2,,,,,,,,,,,,,,pending,,
finance_stress_0063,devfs_b1_fin_003,finance,"Varantlar ve yatırım kuruluşu sertifikaları, değerleri bir dayanak varlığa, göstergeye veya ortaklık payına bağlı olarak değişebilen sermaye piyasası araçlarıdır. Bu araçlar sahibine doğrudan dayanak varlığın mülkiyetini vermek zorunda değildir; ürünün koşullarına bağlı bir getiri veya kullanım hakkı sağlar. İhraç süreçleri Sermaye Piyasası Kurulu düzenlemelerine tabidir. Yatırım kuruluşu varantları ve sertifikaları, gerekli uzun vadeli derecelendirme koşulunu sağlayan banka veya aracı kurumlar tarafından ihraç edilebilir. Ortaklık varantları ise payları borsada işlem gören ya da görecek anonim ortaklıklar tarafından çıkarılabilir. İhraççının niteliği, dayanak varlık, vade, kullanım esasları ve riskler izahname veya ihraç belgesinde açıklanır. Yatırımcı açısından ürünün olası getirisi kadar, vade sonunda değersiz kalma ve ihraççı riski gibi özelliklerin de değerlendirilmesi gerekir.",Varant ve yatırım kuruluşu sertifikalarının temel niteliği nedir?,Varantın getirisi ihraççının sabit faiz taahhüdüne dayanır. Dayanak varlığın değerindeki değişimden etkilenmez.,contradicted,1,,,,,,,,,,,,,,pending,,
finance_stress_0070,devv2_ma_fin_005,finance,"Tek fiyat işlem yönteminde bir sermaye piyasası aracı için sisteme iletilen emirler, Borsa tarafından belirlenen zaman dilimi boyunca toplanır. Emir toplama aşamasında işlemler hemen gerçekleştirilmez; emirler ilgili öncelik kurallarına göre sıralanır. Süre sonunda, en yüksek işlem miktarının gerçekleşmesini sağlayan ve öncelik kurallarını gözeten tek bir eşleşme fiyatı belirlenir. Bu yöntem gün içinde bir veya birden fazla kez uygulanabilir. Sürekli işlem yönteminde ise uygun karşı emir bulunduğunda işlemler farklı fiyat seviyelerinden seans boyunca gerçekleşebilir. Pay bazında devre kesici devreye girdiğinde, sürekli işlem geçici olarak durdurularak emir toplama ve tek fiyatla eşleştirme aşamasına geçilebilir. Tek fiyat süreci tamamlandıktan sonra ilgili pay yeniden sürekli işleme alınabilir. Yöntem, bütün yatırımcı emirlerinin mutlaka gerçekleşeceği anlamına gelmez. Eşleşme fiyatı belirlenirken yalnız fiyat değil, emirlerin öncelik sırası ve gerçekleştirilebilecek toplam miktar da dikkate alınır.",Tek fiyat yöntemi ile sürekli işlem yöntemi arasındaki fark nedir? Devre kesici sırasında hangi işlem yöntemi uygulanabilir?,Tek fiyat yönteminde emirler geliş anında farklı fiyatlardan eşleşir. Devre kesici sırasında sürekli işlem kesintisiz sürer.,contradicted,2,,,,,,,,,,,,,,pending,,
finance_stress_0091,devv2_fin_services,finance,"Sermaye piyasasında yatırım hizmet ve faaliyetleri ile yatırım kuruluşlarının kuruluş ve çalışma esasları Sermaye Piyasası Kurulu düzenlemelerine tabidir. Aracı kurumlar ve bankalar, yalnızca sahip oldukları yetki belgeleri kapsamındaki hizmetleri sunabilir. Rehber; emir iletimi, işlem aracılığı, portföy aracılığı, bireysel portföy yöneticiliği, yatırım danışmanlığı ve saklama gibi faaliyetlerin uygulanmasına ilişkin esasları açıklar. Her yatırım kuruluşu bütün faaliyetleri otomatik olarak yürütemez; sunulacak hizmetin kuruluşun izin kapsamına girmesi gerekir. Yan hizmetler de ana yatırım hizmetlerinden farklı koşullara bağlanabilir. Bu düzenleme, yatırımcıya sunulan hizmetlerin yetkili kuruluşlarca, belirlenmiş organizasyon ve iç kontrol şartları altında yürütülmesini amaçlar.",Yatırım kuruluşları hangi hizmetleri sunabilir ve bu hizmetler hangi izinlere bağlıdır?,Yatırım kuruluşu yetki belgesi olmadan bütün yatırım hizmetlerini sunabilir. İç kontrol ve risk yönetimi düzeni isteğe bağlıdır.,contradicted,,,,,,,,,,,,,,,pending,,
finance_stress_0099,devv2_fin_gsyf,finance,"Girişim sermayesi yatırım fonu, nitelikli yatırımcılardan katılma payı karşılığında toplanan paralarla oluşturulan ve portföy yönetim şirketleri tarafından kurulan bir malvarlığıdır. Fonun tüzel kişiliği bulunmaz ve pay sahipleri hesabına inançlı mülkiyet esasına göre yönetilir. Portföyde girişim sermayesi yatırımlarının yanında mevzuatın izin verdiği paylar, borçlanma araçları, vadeli mevduat, katılma hesabı, yatırım fonu payları, repo ve ters repo işlemleri ile bazı diğer sermaye piyasası araçları bulunabilir. Fon, her yatırımcıya açık bir mevduat ürünü değildir; nitelikli yatırımcılara yönelik, belirli süre için kurulan ve risk sermayesi yatırımlarına odaklanan kolektif yatırım yapısıdır.","Girişim sermayesi yatırım fonu nasıl bir yapıdır, kimlere yöneliktir ve portföyünde hangi varlıklar bulunabilir?",Fon mevduat kabul eden bir banka olarak çalışır. Portföyünde girişim şirketi veya sermaye piyasası aracı bulundurmaz.,contradicted,,,,,,,,,,,,,,,pending,,
finance_stress_0111,devfs_b6_fin_002,finance,"Zorunlu Deprem Sigortası, depremin doğrudan neden olduğu maddi bina zararları ile deprem sonucu meydana gelen yangın, infilak, tsunami ve yer kaymasının sigortalı binada oluşturduğu hasarları poliçe limitleri içinde karşılar. Temeller, ana duvarlar, bağımsız bölümleri ayıran ortak duvarlar, tavan ve tabanlar, merdivenler, asansörler, çatılar, bacalar ve benzeri tamamlayıcı bölümler teminat kapsamında değerlendirilebilir. Buna karşılık evdeki taşınır eşyalar, bedeni zararlar, manevi tazminat, iş durması, kira kaybı ve alternatif konut giderleri zorunlu poliçenin kapsamına girmez. Sigorta, binanın tamamen veya kısmen zarar görmesi hâlinde uygulanabilir. Poliçe limiti üzerindeki bina değeri veya kapsam dışındaki zararlar için ayrıca ihtiyari sigorta seçenekleri değerlendirilebilir. Teminat tutarı poliçede belirtilen sınırlarla bağlıdır ve binanın piyasa değerinin tamamını karşılamak zorunda değildir.","Zorunlu Deprem Sigortası binadaki hangi zararları karşılar, hangi kayıpları karşılamaz?",Zorunlu Deprem Sigortası taşınır eşya ve manevi tazminat zararlarını karşılar. Binadaki deprem hasarı poliçe kapsamına girmez.,contradicted,2,,,,,,,,,,,,,,pending,,
finance_stress_0132,devv2_ma_fin_009,finance,"Borçlanma Araçları Piyasasında devlet iç borçlanma senetleri ve özel sektör borçlanma araçları için farklı piyasa yapıcılığı sistemleri uygulanabilir. Devlet iç borçlanma senetlerinde piyasa yapıcısı kuruluşlar ile sistemin esasları Hazine ve Maliye Bakanlığı tarafından belirlenir. Piyasa yapıcılar sorumlu oldukları menkul kıymetlerde belirlenen saatlerde çift taraflı alış ve satış kotasyonu vermekle yükümlüdür. Kotasyon tamamen veya kısmen gerçekleştiğinde ya da iptal edildiğinde, belirlenen süre içinde yeni emir girilmesi gerekir. Özel sektör borçlanma araçlarında piyasa yapıcılığı yapmak isteyen yatırım kuruluşları taahhütnameyle başvurur; Borsa, işlem hacmi, temerrüt durumu, geçmiş performans ve işlem limiti gibi ölçütleri değerlendirir. Bir kuruluş birden fazla araçta piyasa yapıcısı olabilir ve aynı araç için birden fazla piyasa yapıcısı görevlendirilebilir. Yükümlülükler araç ve piyasa yapıcılığı programına göre belirlenir. Uygulama piyasa likiditesini ve düzenli fiyat oluşumunu desteklemeyi amaçlar.",Piyasa yapıcıların kotasyon yükümlülüğü ve görevlendirilme koşulları nelerdir?,Piyasa yapıcı alış veya satış taraflarından birinde kotasyon sunar. Başvuruda geçmiş işlem performansı değerlendirme dışında kalır.,contradicted,2,,,,,,,,,,,,,,pending,,
finance_stress_0146,devfs_b2_fin_001,finance,"Finansal kiralama şirketlerinin faaliyetleri 6361 sayılı Kanun ve ilgili yönetmelik çerçevesinde düzenlenir. Finansal kiralama sözleşmesinde kiralayan, kiracının talebi ve seçimi üzerine bir malı üçüncü bir kişiden veya kiracının kendisinden satın alabilir, başka bir yolla temin edebilir ya da daha önce mülkiyetine geçirmiş olabilir. Kiralayan daha sonra bu malın zilyetliğini, maldan her türlü faydayı sağlamak üzere ve kira bedeli karşılığında kiracıya bırakır. Sözleşmenin merkezinde nakit paranın doğrudan kiracıya verilmesi değil, belirli bir malın kullanımının finansman yoluyla sağlanması bulunur. Malın seçimi kiracıdan gelebilirken, sözleşme kapsamında malı temin eden ve kullanımını kira bedeli karşılığında devreden taraf kiralayandır. Faaliyet gösteren şirketler BDDK’nın kuruluş listelerinde ayrıca yayımlanır. Bu çerçeve, finansal kiralamayı belirli bir malın kullanımına bağlı finansman modeli olarak genel amaçlı nakit krediden ayırır.",Finansal kiralama sözleşmesinde mal nasıl temin edilir ve kullanım hakkı kiracıya nasıl bırakılır?,Finansal kiralamada işlem nakit kredi aktarımıyla tamamlanır. Sözleşme konusu malı kiracı kendi adına temin eder.,contradicted,2,,,,,,,,,,,,,,pending,,
finance_stress_0151,devfs_b3_fin_004,finance,"Sigortacılık ve Özel Emeklilik Düzenleme ve Denetleme Kurumu, sigortacılık ile özel emeklilik alanlarının düzenlenmesi ve denetlenmesinden sorumludur. Kurum, sigorta ettirenlerin, sigortalıların, hak sahiplerinin ve bireysel emeklilik katılımcılarının hak ve menfaatlerinin korunmasına yönelik çalışmalar yürütür. Sektörde faaliyet gösteren kuruluşlar hakkında inceleme ve denetim yapabilir, mevzuatın uygulanmasını takip edebilir ve görev alanına ilişkin raporlar hazırlayabilir. Kurumun düzenleyici işlevi, piyasadaki bütün ticari kararları şirketler adına vermek anlamına gelmez. Sigorta ürünlerinin satışı şirketler ve yetkili aracılar tarafından gerçekleştirilir; Kurum ise sektörün güvenli, istikrarlı ve mevzuata uygun işlemesine yönelik çerçeveyi oluşturur ve gözetir. Bireysel bir uyuşmazlıkta mahkemelerin yerine geçerek her olay için kesin tazminat kararı veren genel bir yargı mercii değildir. Denetim ve düzenleme çalışmaları, sektörün mali yapısının ve katılımcılara karşı yükümlülüklerin mevzuata uygun yürütülmesini destekler.",SEDDK hangi alanlarda görev yapar ve düzenleyici rolünün sınırları nelerdir?,SEDDK borsa şirketlerinin günlük fiyatlarını belirleyen bir piyasa işletmecisidir. Sigortacılık denetimi başka bir kuruma bırakılmıştır.,contradicted,2,,,,,,,,,,,,,,pending,,
finance_stress_0160,devv2_ma_fin_006,finance,"Yatırım fonları, tasarruf sahiplerinden katılma payı karşılığında toplanan varlıkların profesyonel biçimde yönetildiği kolektif yatırım yapılarıdır. Fonun türü, portföyün ağırlıklı olarak hangi varlıklardan oluştuğunu gösterir ve yatırımcının risk ile getiri özelliklerini değerlendirmesine yardımcı olur. Borçlanma araçları, hisse senedi ve kıymetli maden şemsiye fonlarında fon toplam değerinin en az yüzde sekseninin ilgili varlık grubuna yatırılması gerekir. Para piyasası fonlarının portföyü, vadesine en fazla 184 gün kalmış likit araçlardan oluşur ve ağırlıklı ortalama vadesi en fazla 45 gündür. Serbest şemsiye fonların katılma payları yalnız nitelikli yatırımcılara satılır. Fon sepeti fonları başka yatırım fonları ve borsa yatırım fonlarının paylarına yatırım yapar. Fonun getirisi portföydeki varlıkların performansına bağlıdır; fon türü tek başına anapara veya belirli getiri garantisi oluşturmaz. Yatırımcı fonun izahnamesi ile yatırımcı bilgi formunu birlikte incelemelidir.","Yatırım fonunun türü, fonun portföy yapısı ve kimlere satılabileceği hakkında ne gösterir?",Serbest fon payları perakende yatırımcılara açık biçimde satılır. Para piyasası fonları uzun vadeli ve likit olmayan araçlardan oluşur.,contradicted,2,,,,,,,,,,,,,,pending,,
finance_stress_0168,devfs_b4_fin_004,finance,"Gayrimenkul sertifikaları, bir gayrimenkul projesinin belirli bağımsız bölümlerini veya bu bölümlerin belirli alan birimlerini temsil edecek biçimde ihraç edilebilir. Sertifikalar halka arz yoluyla ya da halka arz edilmeksizin nitelikli yatırımcılara satılabilir ve düzenleme kapsamında borsada işlem görmeleri gerekir. Yeterli sertifikayı biriktirerek projedeki bağımsız bölümün teslimini istemek asli edim olarak adlandırılır. Konut veya ticari alan teslimini tercih etmeyen yatırımcı için sertifikaların nakit karşılığının ödenmesi ise tali edimdir. Düzenleme, tali edimi seçen yatırımcıya en az sertifikaların ihraç değerinin ödenmesini öngörür. İhraçtan sağlanan fonlar, inşaat ilerleme raporlarında belirtilen tamamlanma oranına göre ihraççıya aktarılır. Böylece proje finansmanı ile yatırımcı hakları birlikte düzenlenir. Sertifikaların borsada işlem görmesi, yatırımcının proje tamamlanmadan önce alım veya satım yapabilmesine imkân verir.",Gayrimenkul sertifikalarında asli ve tali edim ne anlama gelir? İhraçtan elde edilen gelirler nasıl kullanılır?,"Nakit karşılık almak asli edim, bağımsız bölüm teslimi tali edimdir. İhraç gelirleri inşaat ilerlemesinden bağımsız biçimde tek seferde aktarılır.",contradicted,2,,,,,,,,,,,,,,pending,,
finance_stress_0171,devfs_b2_fin_004,finance,"Tasarruf finansman şirketleri, müşterileriyle sözleşme kurmadan önce belirli bilgilendirme yükümlülüklerini yerine getirir. Şirket, sözleşmede bulunması gereken asgari hususları içeren ön bilgilendirme formunu sözleşmenin kurulmasından en az bir gün önce müşteriye iletmekle yükümlüdür. Bu süre müşterinin sözleşme koşullarını inceleyebilmesine imkân tanır. Müşterinin sözleşme kapsamındaki tasarruf ödemelerini geciktirmesi veya durdurması hâlinde sonuçlar sözleşmede yer alan hükümlere göre belirlenir. Şirket, müşteriye yapılacak finansman ödemesini, diğer adıyla tahsisatı, erteleyebilir veya sözleşmede belirlenen esaslar çerçevesinde sözleşmeyi tek taraflı olarak feshedebilir. Ödeme aksamasının sonucu her durumda tahsisatın hemen yapılması değildir. Yetkili şirketlerin bilgileri BDDK tarafından kamuoyuna duyurulur. Ön bilgilendirme formu, kurulacak sözleşmede yer alması gereken asgari hususları müşterinin imzadan önce inceleyebilmesini sağlar. Formun sözleşme anında ilk kez sunulması yeterli değildir.",Tasarruf finansman sözleşmesinden önce tüketiciye hangi bilgiler verilir? Ödemeler aksarsa ne olabilir?,Ön bilgilendirme sözleşme kurulduktan sonra sunulur. Gecikmiş ödemeler tahsisat tarihini erkene çeker.,contradicted,2,,,,,,,,,,,,,,pending,,
finance_stress_0186,devv2_fin_foreign,finance,"Yabancı yatırım fonları, Türkiye dışında kurulmuş yatırım fonları veya kolektif yatırım kuruluşlarıdır. Bu kuruluşların yatırımcıya sunduğu yapı ve tabi olduğu yükümlülükler, kurulduğu ülkenin mevzuatına göre değişebilir. Vergilendirme, kamuyu aydınlatma, portföy sınırlamaları, düzenleyici kurumların yetkileri ve fon giderleri ülkeler arasında farklılık gösterebilir. Bu farklılıklar, yabancı fonların başka bir ülkede halka arzı ve satışında ek düzenleme veya tedbir uygulanmasına yol açabilir. Bir fonun yurtdışında kurulmuş olması, paylarının Türkiye’de kendiliğinden ve sınırsız biçimde satılabileceği anlamına gelmez. Satış ve tanıtım süreçlerinde ev sahibi ülkenin yatırımcıyı koruyan kurallarına uyulması gerekir.",Yabancı yatırım fonlarının Türkiye’de tanıtılması ve satılması hangi kurallara bağlıdır?,Bütün yabancı yatırım fonları aynı vergi ve portföy kurallarına tabidir. Düzenleyici kurumlar satışlarına sınırlama getiremez.,contradicted,,,,,,,,,,,,,,,pending,,
finance_stress_0187,devfs_b3_fin_002,finance,"Türkiye Sigorta Birliği, 5684 sayılı Sigortacılık Kanunu kapsamında kurulan kamu kurumu niteliğinde bir meslek kuruluşudur. Birliğin amacı sigortacılık ve reasürans mesleklerinin gelişmesine katkı sağlamak, üyeler arasında dayanışmayı güçlendirmek ve haksız rekabeti önlemeye yönelik çalışmalar yürütmektir. Türkiye’de faaliyet gösteren sigorta ve reasürans şirketleri, kuruluşlarını tamamladıktan veya ruhsat aldıktan sonra kanunda belirtilen süre içinde Birliğe üye olmak zorundadır. Birlik sektörün ortak sorunları hakkında görüş oluşturabilir, meslek ilkelerinin geliştirilmesine katkı sunabilir ve üyeleri ilgilendiren konularda çalışmalar yapabilir. Bununla birlikte sigorta şirketlerine faaliyet ruhsatı veren veya bireysel hasar uyuşmazlıklarında mahkeme yerine kesin hüküm kuran kurum değildir. Düzenleyici ve denetleyici yetkiler ilgili kamu otoritelerine aittir. Birlik, üyeler arasında bilgi paylaşımını ve sektörün ortak mesleki standartlarının geliştirilmesini destekleyen çalışmalar da yürütebilir.","Türkiye Sigorta Birliğinin hukuki niteliği, üyelik yapısı ve temel işlevleri nelerdir?",Türkiye Sigorta Birliği sigorta şirketlerine faaliyet ruhsatı verir. Bireysel hasar uyuşmazlıklarında mahkeme yerine kesin karar verir.,contradicted,2,,,,,,,,,,,,,,pending,,
finance_stress_0188,devv2_repair_fin_003,finance,"Ödeme kuruluşları, 6493 sayılı Kanun kapsamındaki ödeme hizmetlerini sunmak üzere Türkiye Cumhuriyet Merkez Bankasından faaliyet izni alan kuruluşlardır. Bir kuruluş yalnız izin belgesinde yer alan hizmetleri yürütebilir. Ödeme hesabının işletilmesi, para transferi, ödeme aracının kabulü, fatura ödemesine aracılık ve ödeme emri başlatma gibi hizmetler mevzuatta ayrı faaliyet türleri olarak düzenlenir. Ödeme kuruluşları mevduat veya katılım fonu kabul edemez ve topladıkları müşteri fonlarını kendi finansman ihtiyaçları için kullanamaz. Müşteri fonlarının korunmasına ilişkin hesap ve güvence yükümlülükleri bulunur. Faaliyet izni bulunmayan bir kişinin ödeme hizmeti sunması yasaktır. Kuruluşlar bilgi sistemleri, iç kontrol, risk yönetimi, güvenlik ve raporlama şartlarına uymalı; izin kapsamındaki değişiklikler için de düzenleyici kuruma başvurmalıdır.",Ödeme kuruluşlarının faaliyet izni ve müşteri fonlarına ilişkin temel sınırlar nelerdir?,Ödeme kuruluşları faaliyet izni olmadan her türlü finansal hizmeti sunabilir. Müşteri fonlarını kendi varlıklarıyla serbestçe birleştirebilir.,contradicted,2,,,,,,,,,,,,,,pending,,
finance_stress_0021,devfs_b2_fin_005,finance,"Kredi kartlarında yıllık üyelik ücreti, sözleşmede bu ücretin alınabileceğinin belirtilmesi koşuluyla tahsil edilebilir. Bununla birlikte bankalar, yıllık üyelik ücreti bulunmayan bir kredi kartı türünü müşterilerine sunmak zorundadır. Kart hiç kullanılmamışsa yıllık üyelik ücreti alınamaz. Kesintisiz olarak en az 180 gün hareket görmeyen kredi kartı hareketsiz kart kabul edilir ve hareketsiz kaldığı sürece bu karta yıllık üyelik ücreti yansıtılamaz. Sanal kredi kartlarından ve banka kartlarından da yıllık üyelik ücreti alınmaz. Bir takvim yılında kayıp veya çalıntı gibi nedenlerle gerçekleştirilen ilk iki kart yenilemesi ücretsizdir; ikiden fazla yenileme talebinde ücret alınabilir. Ek kartın üyelik ücreti ise asıl kart ücretinin yarısını aşamaz. Bu kurallar, kart türü ve kullanım durumuna göre ücret alınabilecek ve alınamayacak hâlleri birbirinden ayırır.","Kredi kartı üyelik ücreti hangi kartlardan alınabilir, hangi durumlarda alınamaz?",Bankalar ücretsiz bir kredi kartı türü sunmalıdır. Hiç kullanılmamış karttan ilk yıldan itibaren üyelik ücreti alınabilir.,partially_supported,2,,,,,,,,,,,,,,pending,,
finance_stress_0024,devfs_b5_fin_002,finance,"Zorunlu karşılıklar, bankalar ve kapsama giren diğer finansal kuruluşların belirli yükümlülükleri karşılığında Türkiye Cumhuriyet Merkez Bankasında karşılık tesis etmesini öngören bir para politikası aracıdır. Uygulama, kredi ve likidite koşullarını etkileyerek makro finansal risklerin yönetilmesine katkı sağlayabilir. Zorunlu karşılığa tabi yükümlülükler iki haftada bir cuma günü itibarıyla hesaplanır ve kuruluşların muhasebe kayıtları esas alınır. Türk lirası ve yabancı para yükümlülükleri için farklı oran ve tesis kuralları belirlenebilir. Merkez Bankasına, Hazineye, yurt içi bankalara ve uluslararası anlaşmayla kurulmuş bankaların Türkiye'deki merkez ve şubelerine olan bazı yükümlülükler hesaplamanın dışında tutulur. Oranlar mevduatın veya yükümlülüğün türüne ve vadesine göre farklılaştırılabilir; uygulama sabit ve değişmez bir vergi değildir. Karşılığın hangi varlıklarla ve hangi dönem boyunca tesis edileceği, TCMB düzenlemelerinde belirlenen hesaplama ve bildirim esaslarına göre yürütülür.",Zorunlu karşılıklar para politikasında ne işe yarar ve tabi yükümlülükler nasıl hesaplanır?,Zorunlu karşılıklar para politikası aracı olarak likidite ve kredi koşullarını etkileyebilir. Bütün kuruluşlar için oranlar vade ve para biriminden bağımsız olarak aynıdır.,partially_supported,2,,,,,,,,,,,,,,pending,,
finance_stress_0032,devfs_b2_fin_004,finance,"Tasarruf finansman şirketleri, müşterileriyle sözleşme kurmadan önce belirli bilgilendirme yükümlülüklerini yerine getirir. Şirket, sözleşmede bulunması gereken asgari hususları içeren ön bilgilendirme formunu sözleşmenin kurulmasından en az bir gün önce müşteriye iletmekle yükümlüdür. Bu süre müşterinin sözleşme koşullarını inceleyebilmesine imkân tanır. Müşterinin sözleşme kapsamındaki tasarruf ödemelerini geciktirmesi veya durdurması hâlinde sonuçlar sözleşmede yer alan hükümlere göre belirlenir. Şirket, müşteriye yapılacak finansman ödemesini, diğer adıyla tahsisatı, erteleyebilir veya sözleşmede belirlenen esaslar çerçevesinde sözleşmeyi tek taraflı olarak feshedebilir. Ödeme aksamasının sonucu her durumda tahsisatın hemen yapılması değildir. Yetkili şirketlerin bilgileri BDDK tarafından kamuoyuna duyurulur. Ön bilgilendirme formu, kurulacak sözleşmede yer alması gereken asgari hususları müşterinin imzadan önce inceleyebilmesini sağlar. Formun sözleşme anında ilk kez sunulması yeterli değildir.",Tasarruf finansman sözleşmesinden önce tüketiciye hangi bilgiler verilir? Ödemeler aksarsa ne olabilir?,Ön bilgilendirme formu sözleşmeden en az bir gün önce verilmelidir. Ödemeler aksasa bile şirket tahsisatı erteleyemez.,partially_supported,2,,,,,,,,,,,,,,pending,,
finance_stress_0040,devfs_b4_fin_005,finance,"Borsa İstanbul Kıymetli Madenler Piyasasında yetkili üyeler emirlerini işlem salonundaki temsilciler veya uzaktan erişim yoluyla Kıymetli Madenler İşlem Platformuna iletebilir. Alım ve satım emirleri fiyat ve zaman önceliğine göre çok fiyat yöntemiyle eşleşir. Üyelerin ithal ettikleri işlenmemiş kıymetli madenlerin yurt içindeki ilk alım satım işlemleri Borsada yapılır. İthal edilen standart madenlerin kabul edilen rafinerilerce üretilmiş olması, standart dışı madenlerin ise gerekli ayar raporları ve ithalat belgeleriyle Borsa kasasına teslim edilmesi gerekir. Piyasadaki işlemlerden doğan risklerin karşılanması için yetkili üyeler işlem teminatı yatırır ve bu teminatların yönetimi Takasbank tarafından yürütülür. Kıymetli madenlerin fiziki takası ile saklaması Borsanın belirlediği kasalarda gerçekleştirilir. İşlem teminatı, piyasa işlemlerinden doğan yükümlülüklerin güvenli biçimde karşılanmasına hizmet eder.",Kıymetli Madenler Piyasasında emirler nasıl eşleşir ve ithal madenlerin yurt içindeki ilk satışı nerede yapılır?,Emirler fiyat ve zaman önceliğine göre eşleşir. İthal edilen işlenmemiş kıymetli madenlerin ilk satışı Borsa dışında yapılır.,partially_supported,2,,,,,,,,,,,,,,pending,,
finance_stress_0064,devv2_fin_mkyo,finance,"Menkul kıymet yatırım ortaklıklarının faaliyet alanı sermaye piyasası araçları ile altın ve diğer kıymetli madenlerden oluşan bir portföyü işletmekle sınırlandırılmıştır. Portföyün uzman kadro tarafından yönetilmesi ve riskin farklı varlıklara dağıtılması, bireysel yatırımcının tek başına sağlayamayacağı bir çeşitlendirme imkânı sunabilir. Bu ortaklıklar anonim şirket şeklinde ve kayıtlı sermaye esasına göre kurulur. İzahname; ortaklığın faaliyet konusu, riskleri, finansal bilgileri, sermayesi ve yönetim yapısı gibi bilgileri yatırımcıya sunan kamuyu aydınlatma belgesidir. Ortaklıklar ayrıca portföy varlıklarını gösteren dönemsel tabloları Kamuyu Aydınlatma Platformuna gönderir. Bununla birlikte uzman yönetim, yatırımın zarar etmeyeceğini garanti etmez.","Menkul kıymet yatırım ortaklığı nasıl kurulur, portföyünü nasıl yönetir ve yatırımcıya hangi bilgileri açıklar?",Ortaklık anonim şirket olarak kurulur. Profesyonel yönetim yatırımcının zarar etmesini hukuken engeller.,partially_supported,,,,,,,,,,,,,,,pending,,
finance_stress_0066,devv2_fin_foreign,finance,"Yabancı yatırım fonları, Türkiye dışında kurulmuş yatırım fonları veya kolektif yatırım kuruluşlarıdır. Bu kuruluşların yatırımcıya sunduğu yapı ve tabi olduğu yükümlülükler, kurulduğu ülkenin mevzuatına göre değişebilir. Vergilendirme, kamuyu aydınlatma, portföy sınırlamaları, düzenleyici kurumların yetkileri ve fon giderleri ülkeler arasında farklılık gösterebilir. Bu farklılıklar, yabancı fonların başka bir ülkede halka arzı ve satışında ek düzenleme veya tedbir uygulanmasına yol açabilir. Bir fonun yurtdışında kurulmuş olması, paylarının Türkiye’de kendiliğinden ve sınırsız biçimde satılabileceği anlamına gelmez. Satış ve tanıtım süreçlerinde ev sahibi ülkenin yatırımcıyı koruyan kurallarına uyulması gerekir.",Yabancı yatırım fonlarının Türkiye’de tanıtılması ve satılması hangi kurallara bağlıdır?,Yabancı fonların yükümlülükleri kurulduğu ülkeye göre değişebilir. Yurt dışında kurulmuş olmak Türkiye'de sınırsız satış yetkisi sağlar.,partially_supported,,,,,,,,,,,,,,,pending,,
finance_stress_0067,devfs_b6_fin_004,finance,"Türkiye Bankalar Birliği Bireysel Müşteri Hakem Heyeti, TBB üyesi bankalar ile gerçek kişi müşteriler arasındaki bireysel bankacılık uyuşmazlıklarını inceleyen ücretsiz bir başvuru yoludur. Ticari veya zirai faaliyetlere ilişkin başvurular ile tüzel kişi başvuruları kapsam dışında kalır. Hakem Heyetine gitmeden önce müşterinin bankaya yazılı başvuruda bulunması ve banka yanıtını ya da başvuru teyit belgesini edinmesi gerekir. Başvuru formu doldurulmalı, uyuşmazlık ve talep açık biçimde açıklanmalı, ilgili belgeler eklenmelidir. Yargıya, Sigorta Tahkim Komisyonuna veya Tüketici Hakem Heyetine taşınmış aynı uyuşmazlık Heyete sunulamaz. Başvuru, e-Devlet üzerinden veya kabul edilen diğer yollarla yapılabilir. Heyet bir mahkeme değildir ve yargı yoluna başvurma hakkını bütünüyle ortadan kaldırmaz. Başvurunun somut talep ve ilgili belgelerle sunulması incelemenin sağlıklı yürütülmesine yardımcı olur.",Bireysel Müşteri Hakem Heyetine kimler başvurabilir ve başvurudan önce bankaya karşı hangi işlem yapılmalıdır?,Heyet gerçek kişilerin bireysel bankacılık uyuşmazlıklarını inceler. Bankaya önceden başvurmak yasaktır ve doğrudan Heyete gidilir.,partially_supported,2,,,,,,,,,,,,,,pending,,
finance_stress_0071,devfs_b3_fin_004,finance,"Sigortacılık ve Özel Emeklilik Düzenleme ve Denetleme Kurumu, sigortacılık ile özel emeklilik alanlarının düzenlenmesi ve denetlenmesinden sorumludur. Kurum, sigorta ettirenlerin, sigortalıların, hak sahiplerinin ve bireysel emeklilik katılımcılarının hak ve menfaatlerinin korunmasına yönelik çalışmalar yürütür. Sektörde faaliyet gösteren kuruluşlar hakkında inceleme ve denetim yapabilir, mevzuatın uygulanmasını takip edebilir ve görev alanına ilişkin raporlar hazırlayabilir. Kurumun düzenleyici işlevi, piyasadaki bütün ticari kararları şirketler adına vermek anlamına gelmez. Sigorta ürünlerinin satışı şirketler ve yetkili aracılar tarafından gerçekleştirilir; Kurum ise sektörün güvenli, istikrarlı ve mevzuata uygun işlemesine yönelik çerçeveyi oluşturur ve gözetir. Bireysel bir uyuşmazlıkta mahkemelerin yerine geçerek her olay için kesin tazminat kararı veren genel bir yargı mercii değildir. Denetim ve düzenleme çalışmaları, sektörün mali yapısının ve katılımcılara karşı yükümlülüklerin mevzuata uygun yürütülmesini destekler.",SEDDK hangi alanlarda görev yapar ve düzenleyici rolünün sınırları nelerdir?,SEDDK sigortacılık ve özel emeklilik alanlarını düzenleyip denetler. Sigorta ürünlerinin satış sürecini şirketler adına SEDDK yürütür.,partially_supported,2,,,,,,,,,,,,,,pending,,
finance_stress_0087,devfs_b5_fin_001,finance,"Finansal hesaplar, bir ekonomideki kurumsal sektörlerin finansal varlık ve yükümlülüklerini, sektörler arasındaki işlemleri ve bu ilişkilerin dönem sonu stoklarını gösteren istatistiklerdir. Hanehalkı, finansal kuruluşlar, finansal olmayan şirketler, genel yönetim ve dünyanın geri kalanı gibi sektörlerin birbirinden hangi finansal araçlarla alacaklı veya borçlu olduğu izlenebilir. Hesaplar mevduat, kredi, borçlanma aracı, pay ve başka finansal araçları stok ve akım ayrımıyla sunar. Sektörel tablolar konsolide ve konsolide edilmemiş biçimde yayımlanabilir. Türkiye'de 2010-2014 dönemi için yıllık hazırlanan finansal hesaplar, 2015 yılından itibaren üç aylık dönemlerle üretilmektedir. Zaman serileri Elektronik Veri Dağıtım Sisteminde yayımlanır. Bu istatistikler kişisel yatırım tavsiyesi veya tek tek bireyler için kredi notu üretmez. Bu tablolar, sektörlerin finansman kaynakları ile tasarruf davranışlarının dönemler arasında karşılaştırılmasına yardımcı olur.",Finansal hesaplar sektörler arasındaki hangi ilişkileri gösterir ve Türkiye’de ne sıklıkla yayımlanır?,Finansal hesaplar sektörlerin finansal varlık ve yükümlülüklerini stok ve akım olarak gösterir. Veriler 2015'ten sonra yalnız beş yılda bir yayımlanır.,partially_supported,2,,,,,,,,,,,,,,pending,,
finance_stress_0114,devv2_ma_fin_009,finance,"Borçlanma Araçları Piyasasında devlet iç borçlanma senetleri ve özel sektör borçlanma araçları için farklı piyasa yapıcılığı sistemleri uygulanabilir. Devlet iç borçlanma senetlerinde piyasa yapıcısı kuruluşlar ile sistemin esasları Hazine ve Maliye Bakanlığı tarafından belirlenir. Piyasa yapıcılar sorumlu oldukları menkul kıymetlerde belirlenen saatlerde çift taraflı alış ve satış kotasyonu vermekle yükümlüdür. Kotasyon tamamen veya kısmen gerçekleştiğinde ya da iptal edildiğinde, belirlenen süre içinde yeni emir girilmesi gerekir. Özel sektör borçlanma araçlarında piyasa yapıcılığı yapmak isteyen yatırım kuruluşları taahhütnameyle başvurur; Borsa, işlem hacmi, temerrüt durumu, geçmiş performans ve işlem limiti gibi ölçütleri değerlendirir. Bir kuruluş birden fazla araçta piyasa yapıcısı olabilir ve aynı araç için birden fazla piyasa yapıcısı görevlendirilebilir. Yükümlülükler araç ve piyasa yapıcılığı programına göre belirlenir. Uygulama piyasa likiditesini ve düzenli fiyat oluşumunu desteklemeyi amaçlar.",Piyasa yapıcıların kotasyon yükümlülüğü ve görevlendirilme koşulları nelerdir?,Piyasa yapıcıların çift taraflı kotasyon yükümlülüğü vardır. Bir menkul kıymet için görevlendirilebilecek kuruluş sayısı birdir.,partially_supported,2,,,,,,,,,,,,,,pending,,
finance_stress_0116,devfs_b5_fin_005,finance,"Türkiye Cumhuriyet Merkez Bankası, kanunda belirlenen çerçevede Hükûmetin mali ve ekonomik müşavirliğini üstlenir. Bu sıfatla para ve kredi politikasıyla ilgili konularda görüş bildirebilir. Banka, uluslararası mali ve ekonomik ilişkilerde Hükûmetin mali ajanı olarak görevlendirilebilir; devlet iç borçlanma senetlerinin mali servisi, kambiyo denetimi ve dış ticaret rejimine ilişkin bazı işlemleri yürütebilir. Haznedarlık işlevi kapsamında devletin yurt içi ve yurt dışı tahsilat ve ödemeleri ile para nakil ve havale işlemlerini gerçekleştirir. TCMB, mali ajan sıfatıyla Hazine adına Devlet İç Borçlanma Senedi ihalelerini fiilen yürütür. İhale takvimi Hazine tarafından yayımlanan borçlanma stratejisinde belirtilir ve ayrıntılar ihale öncesinde kamuoyuna duyurulur. Borçlanma kararının sahibi Hazine, ihalenin operasyonel yürütücüsü ise mali ajan olarak TCMB'dir.","TCMB, Hazine işlemlerinde hangi müşavirlik, mali ajanlık ve ihale görevlerini yürütür?",TCMB Hazine adına DİBS ihalelerini mali ajan olarak yürütür. Borçlanma kararlarını Hazine yerine bağımsız biçimde TCMB alır.,partially_supported,2,,,,,,,,,,,,,,pending,,
finance_stress_0119,devv2_ma_fin_008,finance,"Kesin Alım Satım Pazarı, borçlanma araçlarının organize ikinci el piyasada alınıp satıldığı Borsa İstanbul pazarıdır. Emirler çok fiyat-sürekli müzayede yöntemiyle eşleşir. Alış emirlerinde daha yüksek fiyat, satış emirlerinde daha düşük fiyat önceliklidir; aynı fiyat seviyesindeki emirlerde zaman önceliği uygulanır. Kupon veya kira getirisi içeren araçlarda işlemiş faiz ya da birikmiş kira hariç fiyat temiz fiyat, bunları içeren fiyat ise kirli fiyat olarak adlandırılır. Takas tutarının hesaplanmasında kullanılan takas fiyatı, aracın özelliklerine göre belirlenir. Karşılanmamış veya kısmen karşılanmış emirlerin kalan bölümü değiştirilebilir ya da iptal edilebilir. Fiyat veya miktar artışı gibi bazı değişiklikler emrin zaman önceliğini kaybetmesine yol açar. Emirler verildikleri gün için geçerlidir ve gerçekleşmeyen emirler ilgili kapanış saatlerinde sistem tarafından iptal edilir. Bu kurallar emirlerin şeffaf ve öngörülebilir biçimde sıralanmasını sağlar.",Kesin Alım Satım Pazarında emir önceliği ve fiyat türleri nasıl uygulanır?,Eşit fiyat düzeyindeki emirlerde zaman önceliği uygulanır. Emirler otuz gün boyunca sistemde geçerli kalır.,partially_supported,2,,,,,,,,,,,,,,pending,,
finance_stress_0126,devfs_b2_fin_002,finance,"Faktoring faaliyetleri 6361 sayılı Kanun ve ilgili düzenlemelere tabidir. Faktoring sözleşmesinin konusu, mal veya hizmet satışından doğan ve fatura ile belgelendirilen alacaklar olabileceği gibi, belirlenen usullere göre belgelendirilebilen gelecekteki alacaklar da olabilir. Müşteri, bu alacakları faktoring şirketine devreder. Faktoring şirketinin sunduğu hizmet yalnız alacağı satın almaktan ibaret değildir. Sözleşme; tahsilat yapılması, borçlu ve müşteri hesaplarının tutulması, müşteriye finansman sağlanması veya alacağın ödenmeme riskine karşı faktoring garantisi verilmesi işlevlerinden birini ya da birkaçını içerebilir. Bu nedenle her faktoring işleminde bütün hizmetlerin birlikte sunulması zorunlu değildir. İşlemin temel dayanağı, mal veya hizmet satışına bağlı bir alacağın devredilmesidir. Sözleşmede hangi işlevlerin üstlenileceği, müşteri ile faktoring şirketi arasındaki ilişkinin kapsamına göre belirlenir. Bu nedenle faktoring, tek tip ve değişmez bir hizmet paketi olarak değerlendirilmez.",Faktoring sözleşmesi hangi alacağa dayanır ve hangi hizmetleri sağlayabilir?,"Faktoring işlemi mal veya hizmet satışına bağlı alacağın devrine dayanır. Her sözleşmede tahsilat, finansman ve garanti hizmetlerinin tümü birlikte bulunmak zorundadır.",partially_supported,2,,,,,,,,,,,,,,pending,,
finance_stress_0128,devv2_fin_payment,finance,"Türkiye Cumhuriyet Merkez Bankası, Türk lirası cinsinden ödeme ve menkul kıymet aktarımlarında kullanılan çeşitli sistemleri işletir. Elektronik Fon Transfer sistemi bankalar arasındaki TL ödemelerini elektronik ortamda gerçekleştirir ve bankalararası işlemler ile müşteriler adına yapılan işlemler için ayrı bileşenlere sahiptir. Elektronik Menkul Kıymet Transfer sistemi menkul kıymet aktarımını destekler. FAST sistemi ise fonların anlık ve sürekli transferine olanak verir. TCMB dışında faaliyet izni verilen sistemler arasında kart takası, pay ve borçlanma araçları piyasası takası, çek takası ve merkezi kaydi sistem bulunur. Bu sistemlerin görevleri aynı değildir; her biri ödeme, aktarım, takas veya kayıt süreçlerinin belirli bir bölümünü yürütür.","EFT, EMKT ve FAST sistemleri hangi ödeme veya aktarım işlemlerini yürütür?",EFT ve FAST Türk lirası ödemelerinin aktarımında kullanılır. EMKT kredi kartı harcamalarının takasını yapan sistemdir.,partially_supported,,,,,,,,,,,,,,,pending,,
finance_stress_0131,devv2_repair_fin_001,finance,"Sermaye piyasasında bağımsız denetim, yıllık finansal tabloların belirlenen raporlama ölçütlerine uygunluğu ve doğruluğu hakkında makul güvence sağlamak amacıyla yeterli ve uygun denetim kanıtı toplanmasına dayanır. Denetçi defter, kayıt ve belgeleri inceler, gerekli denetim tekniklerini uygular ve sonucunu rapora bağlar. Ara dönem finansal tablolar için yapılan sınırlı bağımsız denetimde bilgi toplama ve analitik inceleme teknikleri öne çıkar. Halka arz başvurusu ile birleşme, bölünme, devir ve tasfiye gibi durumlarda özel bağımsız denetim yapılabilir. Denetim raporu, finansal tabloların ilgili raporlama çerçevesine uygun hazırlanıp hazırlanmadığına ilişkin görüş içerir. Yeterli kanıt elde edilememesi veya önemli yanlışlık bulunması olumlu görüş dışında bir görüşe yol açabilir. Görüş türleri olumlu, sınırlı olumlu, olumsuz ve görüş vermekten kaçınmadır. Denetim raporları finansal tablolarla birlikte kamuya açıklanır.",Sermaye piyasasında bağımsız denetim türleri ve denetçi görüşü nasıl açıklanır?,Sınırlı denetimde analitik inceleme teknikleri kullanılır. Bu inceleme finansal tabloların tüm yönleri için mutlak güvence sağlar.,partially_supported,2,,,,,,,,,,,,,,pending,,
finance_stress_0150,devfs_b4_fin_001,finance,"Sigorta Tahkim Komisyonuna başvurmadan önce uyuşmazlık konusu talep ilgili sigorta kuruluşuna yazılı olarak iletilmelidir. Sigorta kuruluşu talebi karşılamayan nihai bir cevap verirse veya mevzuatta belirtilen cevap süresi içinde nihai yanıt göndermezse Komisyona başvuru yapılabilir. Başvuru, gerekli form ve belgelerle fiziki ya da elektronik ortamda gerçekleştirilebilir. Online başvuruda form sistemde girilen bilgilerden otomatik oluşturulur. Başvuru sahibinin iddiasını destekleyen belgeleri ve sigorta kuruluşuna daha önce başvurduğunu gösteren kayıtları sunması önemlidir. Mahkemeye, Hukuk Muhakemeleri Kanunu kapsamında başka bir tahkime veya Tüketici Hakem Heyetine taşınmış uyuşmazlıklar Komisyon tarafından yeniden değerlendirmeye alınmaz. Komisyonun işlevi, sigorta sözleşmelerinden doğan uyuşmazlıkların uzman hakemler aracılığıyla çözülmesini sağlamaktır. Formun ve destekleyici belgelerin eksiksiz sunulması, uyuşmazlığın gecikmeden işleme alınmasına yardımcı olur.",Sigorta Tahkim Komisyonuna başvurmadan önce hangi adımlar izlenir ve hangi uyuşmazlıklar inceleme dışında kalır?,Komisyona gitmeden önce sigorta kuruluşuna yazılı başvuru yapılır ve olumsuz ya da süresinde verilmeyen cevap sonrasında tahkim yoluna gidilebilir. Mahkemede görülmekte olan aynı uyuşmazlık da Komisyonca paralel biçimde incelenir.,partially_supported,2,,,,,,,,,,,,,,pending,,
finance_stress_0176,devfs_b1_fin_004,finance,"Portföy yönetim şirketleri, sermaye piyasası araçları, para piyasası araçları, kıymetli madenler ve Kurulca uygun görülen diğer varlıklardan oluşan portföyleri müşteriler veya kolektif yatırım kuruluşları adına yönetebilen sermaye piyasası kurumlarıdır. Portföy yöneticiliği, yatırım kararlarının müşterinin belirlediği çerçeve ve mevzuat sınırları içinde uzmanlıkla alınmasını içerir. Bir şirketin portföy yönetim faaliyetinde bulunabilmesi için anonim ortaklık şeklinde kurulması, kuruluş şartlarını sağlaması ve Sermaye Piyasası Kurulundan faaliyet izni alması gerekir. Kuruluş izni tek başına müşteri portföyü yönetme yetkisi vermez; faaliyet izni süreci ayrıca tamamlanır. Şirket, yönettiği varlıkları kendi malvarlığı gibi serbestçe kullanamaz ve müşteri çıkarlarını gözetmekle yükümlüdür. Yetkilendirildiği hizmetlerin kapsamı ve varsa yan faaliyetleri Kurul düzenlemelerine göre belirlenir. Şirketin organizasyon, personel ve iç kontrol yapısının da mevzuattaki koşullara uygun olması beklenir.",Portföy yönetim şirketinin faaliyete başlayabilmesi için hangi temel koşul aranır?,"Portföy yönetim şirketi anonim ortaklık olarak kurulabilir. Kuruluş izni, müşteri portföyü yönetmek için tek başına yeterlidir.",partially_supported,2,,,,,,,,,,,,,,pending,,
finance_stress_0178,devfs_b3_fin_005,finance,"Devlet iç borçlanma senetleri, Hazine ve Maliye Bakanlığı tarafından yurt içinde borçlanma amacıyla ihraç edilen menkul kıymetlerin ortak adıdır. Vadesi bir yıldan kısa olan senetler Hazine bonosu, vadesi bir yıl veya daha uzun olanlar ise devlet tahvili olarak adlandırılır. Bu araçlar kuponlu veya kuponsuz biçimde ihraç edilebilir. İlk ihraçta senetlerin yatırımcılara satıldığı alan birincil piyasa, daha önce ihraç edilmiş senetlerin yatırımcılar arasında alınıp satıldığı alan ise ikincil piyasadır. Devlet iç borçlanma senedi satın almak, yatırımcıya devlet yönetiminde oy hakkı vermez; yatırımcı senedin koşullarına göre anapara ve getiri talep etme hakkı kazanır. Vade, kupon ve ihraç yöntemi her senette aynı olmak zorunda değildir. İhraç koşulları yatırımcıya duyurulur ve getiri yapısı, vade ile kupon özelliklerine göre farklılaşabilir.",Devlet iç borçlanma senetleri nasıl sınıflandırılır ve birincil ile ikincil piyasa arasındaki fark nedir?,"Bir yıldan kısa vadeli DİBS’ler Hazine bonosu, daha uzun vadeli olanlar devlet tahvili olarak adlandırılır. Daha önce ihraç edilmiş senetler yalnız birincil piyasada el değiştirir.",partially_supported,2,,,,,,,,,,,,,,pending,,
finance_stress_0179,devv2_ma_fin_007,finance,"Borsa İstanbul Borçlanma Araçları Piyasası, sabit getirili menkul kıymetlerin birinci ve ikinci el işlemlerinin düzenli ve şeffaf bir ortamda gerçekleştirilmesini sağlayan pazarlardan oluşur. Kesin Alım Satım Pazarı, repo-ters repo pazarları, nitelikli yatırımcıya ihraç pazarı, uluslararası tahvil pazarı ve diğer uzmanlaşmış pazarlar bu yapı içinde yer alır. Türk lirası veya döviz cinsinden borçlanma araçları, kira sertifikaları, likidite senetleri ve Borsa tarafından uygun görülen diğer araçlar işlem görebilir. İşlemler elektronik ortamda ve çok fiyat-sürekli müzayede yöntemiyle yürütülür. Türkiye Cumhuriyet Merkez Bankası, yetkili bankalar ve Borsa üyeleri belirlenen koşullarla piyasada işlem yapabilir. Takas işlemleri Takasbank tarafından gerçekleştirilir. Piyasa, yatırımcıların doğrudan taraf olduğu perakende satış platformu değil, yetkilendirilmiş piyasa katılımcılarının işlem yaptığı organize bir altyapıdır. Pazar kuralları araç ve işlem türüne göre farklılaşabilir.",Borçlanma Araçları Piyasası hangi pazarlardan oluşur ve işlemler kimler aracılığıyla yürütülür?,Piyasada borçlanma araçları ile kira sertifikaları işlem görebilir. İşlemler tek fiyatlı kapalı artırma yöntemiyle yürütülür.,partially_supported,2,,,,,,,,,,,,,,pending,,
finance_stress_0198,devfs_b1_fin_001,finance,"İpotek finansmanı kuruluşları, konut finansmanı sisteminde ikincil piyasa işlevi görmek üzere anonim şirket şeklinde kurulan sermaye piyasası kurumlarıdır. İki temel faaliyet modeli öne çıkar. Likidite faaliyetinde konut finansmanı kuruluşu, bilançosundaki konut kredilerini ipotek finansmanı kuruluşuna teminat gösterir ve karşılığında kaynak kullanır; krediler kaynak kuruluşun bilançosunda kalmaya devam eder. Menkul kıymetleştirme faaliyetinde ise ipotek finansmanı kuruluşu devraldığı konut kredilerine dayalı olarak konut finansmanı fonu kurabilir veya fon kurmadan ipoteğe dayalı menkul kıymet ihraç edebilir. Kuruluş ihtiyaç duyduğu fonu borçlanma araçları başta olmak üzere sermaye piyasası araçları ihraç ederek sağlayabilir. Ayrıca belirli koşullarda konut finansmanı kuruluşlarının ihraçlarını desteklemek üzere garanti veya hizmet sağlayıcılık gibi görevler üstlenebilir. Faaliyet alanı genel bankacılık işlemleri değil, düzenlemede sayılan konut finansmanı ve sermaye piyasası işlemleriyle sınırlıdır.",İpotek finansmanı kuruluşlarında likidite sağlama ile menkul kıymetleştirme faaliyetleri arasındaki fark nedir?,İpotek finansmanı kuruluşu likidite sağlamak için konut kredilerini teminat alabilir. Bu modelde kredilerin tamamı zorunlu olarak kaynak kuruluşun bilançosundan çıkarılır.,partially_supported,2,,,,,,,,,,,,,,pending,,
finance_stress_0004,devv2_ma_fin_005,finance,"Tek fiyat işlem yönteminde bir sermaye piyasası aracı için sisteme iletilen emirler, Borsa tarafından belirlenen zaman dilimi boyunca toplanır. Emir toplama aşamasında işlemler hemen gerçekleştirilmez; emirler ilgili öncelik kurallarına göre sıralanır. Süre sonunda, en yüksek işlem miktarının gerçekleşmesini sağlayan ve öncelik kurallarını gözeten tek bir eşleşme fiyatı belirlenir. Bu yöntem gün içinde bir veya birden fazla kez uygulanabilir. Sürekli işlem yönteminde ise uygun karşı emir bulunduğunda işlemler farklı fiyat seviyelerinden seans boyunca gerçekleşebilir. Pay bazında devre kesici devreye girdiğinde, sürekli işlem geçici olarak durdurularak emir toplama ve tek fiyatla eşleştirme aşamasına geçilebilir. Tek fiyat süreci tamamlandıktan sonra ilgili pay yeniden sürekli işleme alınabilir. Yöntem, bütün yatırımcı emirlerinin mutlaka gerçekleşeceği anlamına gelmez. Eşleşme fiyatı belirlenirken yalnız fiyat değil, emirlerin öncelik sırası ve gerçekleştirilebilecek toplam miktar da dikkate alınır.",Tek fiyat yöntemi ile sürekli işlem yöntemi arasındaki fark nedir? Devre kesici sırasında hangi işlem yöntemi uygulanabilir?,Tek fiyat yönteminde emirler belirli süre toplanır ve en yüksek işlem miktarını sağlayan tek bir fiyattan eşleştirilir. Devre kesici sonrasında geçici tek fiyat süreci uygulanıp sürekli işleme dönülebilir.,supported,2,,,,,,,,,,,,,,pending,,
finance_stress_0014,finance_784f375b90ec12b4,finance,"Borsa İstanbul, şirketlerin çevresel, sosyal ve kurumsal yönetim performansını izlemek amacıyla BIST Sürdürülebilirlik ve BIST Sürdürülebilirlik 25 endekslerini hesaplar. BIST Sürdürülebilirlik Endeksine girecek şirketlerin belirlenmesinde 2021 değerlemelerinden itibaren London Stock Exchange Group'un sürdürülebilirlik değerlendirme sonuçları kullanılır. Değerlendirmede yalnız kamuya açık veriler dikkate alınır. Yıldız Pazar, Ana Pazar ve Alt Pazarda işlem gören şirketler sürece gönüllü olarak katılabilir. Katılmak isteyen şirketlerin taleplerini Borsa İstanbul Endeks Direktörlüğüne yazılı biçimde iletmesi gerekir ve değerlendirmeye dahil edilmek şirketlere maliyet doğurmaz. Katılan şirketlerin kamuya açık sürdürülebilirlik verilerini ve bu verilerin kaynak bağlantılarını LSEG'nin web tabanlı aracına girmesi beklenir. Bir şirket için birden fazla kullanıcı tanımlanabilir; aynı kullanıcı birden çok şirket adına veri girişi yapamaz. Endeks süreci, kamuya açıklanan sürdürülebilirlik performansının karşılaştırılabilir biçimde izlenmesine hizmet eder.",BIST sürdürülebilirlik değerlemesinde hangi bilgi kaynakları kullanılır ve şirketler sürece nasıl katılır?,Sürdürülebilirlik değerlemesinde kamuya açık veriler ve LSEG sonuçları kullanılır. Uygun pazarlardaki şirketler yazılı başvuruyla gönüllü olarak sürece katılabilir.,supported,,,,,,,,,,,,,,,pending,,
finance_stress_0020,devv2_ma_fin_001,finance,"Kamuyu Aydınlatma Platformu, sermaye piyasası ve Borsa düzenlemeleri uyarınca kamuya açıklanması gereken bildirimlerin elektronik imzayla iletildiği ve kamuya duyurulduğu elektronik sistemdir. Sistemin işletimi Merkezi Kayıt Kuruluşu tarafından yürütülür ve KAP günün her saatinde çalışacak biçimde tasarlanmıştır. Amaç, yatırımcıların ve diğer ilgililerin doğru, anlaşılır ve tam bilgiye internet üzerinden eş zamanlı ve düşük maliyetle erişebilmesini kolaylaştırmaktır. Şirket bildirimleri, finansal raporlar ve bildirimlere eklenen belgeler sistem üzerinden yayımlanabilir. Bildirimler için konuya özgü şablonlar kullanılması, açıklamalarda bulunması gereken asgari unsurların düzenli biçimde sunulmasına yardımcı olur. KAP aynı zamanda geçmiş dönem bildirimlerine erişilebilen elektronik bir arşiv işlevi görür. Platform, şirketlerin yerine yatırım kararı vermez ve doğrudan menkul kıymet alım satım sistemi olarak çalışmaz. Bildirime eklenen belgeler farklı dosya biçimlerinde yayımlanabilir ve veri yayın kuruluşları KAP açıklamalarını eş zamanlı olarak aktarabilir.","Kamuyu Aydınlatma Platformu ne işe yarar, kim tarafından işletilir ve yatırımcılar platformdan nasıl yararlanır?","KAP, kamuya açıklanması gereken bildirimlerin elektronik imzayla iletilip yayımlandığı bir sistemdir. MKK tarafından işletilen platform, güncel bildirimlerin yanında geçmiş açıklamalara erişilebilen bir arşiv sunar.",supported,2,,,,,,,,,,,,,,pending,,
finance_stress_0029,devfs_b1_fin_004,finance,"Portföy yönetim şirketleri, sermaye piyasası araçları, para piyasası araçları, kıymetli madenler ve Kurulca uygun görülen diğer varlıklardan oluşan portföyleri müşteriler veya kolektif yatırım kuruluşları adına yönetebilen sermaye piyasası kurumlarıdır. Portföy yöneticiliği, yatırım kararlarının müşterinin belirlediği çerçeve ve mevzuat sınırları içinde uzmanlıkla alınmasını içerir. Bir şirketin portföy yönetim faaliyetinde bulunabilmesi için anonim ortaklık şeklinde kurulması, kuruluş şartlarını sağlaması ve Sermaye Piyasası Kurulundan faaliyet izni alması gerekir. Kuruluş izni tek başına müşteri portföyü yönetme yetkisi vermez; faaliyet izni süreci ayrıca tamamlanır. Şirket, yönettiği varlıkları kendi malvarlığı gibi serbestçe kullanamaz ve müşteri çıkarlarını gözetmekle yükümlüdür. Yetkilendirildiği hizmetlerin kapsamı ve varsa yan faaliyetleri Kurul düzenlemelerine göre belirlenir. Şirketin organizasyon, personel ve iç kontrol yapısının da mevzuattaki koşullara uygun olması beklenir.",Portföy yönetim şirketinin faaliyete başlayabilmesi için hangi temel koşul aranır?,Portföy yönetim şirketinin portföy yöneticiliği yapabilmesi için kuruluş sürecinin ardından SPK’dan faaliyet izni alması gerekir.,supported,1,,,,,,,,,,,,,,pending,,
finance_stress_0045,devfs_b4_fin_003,finance,"Menkul kıymet yatırım fonları, tasarruf sahiplerinden toplanan kaynakların uzman portföy yönetimi altında çeşitli yatırım araçlarında değerlendirilmesini sağlar. Fon portföyünde kamu ve özel sektör borçlanma araçları, yerli veya yabancı paylar, belirli vadelerde mevduat ve katılma hesapları, kıymetli madenler, diğer fonların katılma payları, repo ve ters repo işlemleri, kira sertifikaları, varantlar ve mevzuatın izin verdiği başka araçlar yer alabilir. Fonun türü, portföyün hangi varlık grubuna ağırlık verdiğini gösterir. Örneğin bir şemsiye fonun belirli bir tür adı taşıması için fon toplam değerinin en az yüzde sekseninin ilgili varlık grubuna devamlı olarak yatırılması gerekir. Yatırımcıların fon seçerken portföy bileşimini ve risk-getiri özelliklerini incelemesi beklenir. Portföy çeşitlendirmesi, birikimin tek bir yatırım aracındaki gelişmelere aşırı bağımlı kalmasını önlemeyi amaçlar.",Menkul kıymet yatırım fonlarının portföyünde hangi varlıklar bulunabilir ve fon türü nasıl belirlenir?,"Yatırım fonları borçlanma araçları, paylar ve kıymetli madenler gibi farklı varlıklara yatırım yapabilir. Fon türü, portföyün ağırlık verdiği varlık grubunu gösterir.",supported,2,,,,,,,,,,,,,,pending,,
finance_stress_0076,devv2_repair_fin_003,finance,"Ödeme kuruluşları, 6493 sayılı Kanun kapsamındaki ödeme hizmetlerini sunmak üzere Türkiye Cumhuriyet Merkez Bankasından faaliyet izni alan kuruluşlardır. Bir kuruluş yalnız izin belgesinde yer alan hizmetleri yürütebilir. Ödeme hesabının işletilmesi, para transferi, ödeme aracının kabulü, fatura ödemesine aracılık ve ödeme emri başlatma gibi hizmetler mevzuatta ayrı faaliyet türleri olarak düzenlenir. Ödeme kuruluşları mevduat veya katılım fonu kabul edemez ve topladıkları müşteri fonlarını kendi finansman ihtiyaçları için kullanamaz. Müşteri fonlarının korunmasına ilişkin hesap ve güvence yükümlülükleri bulunur. Faaliyet izni bulunmayan bir kişinin ödeme hizmeti sunması yasaktır. Kuruluşlar bilgi sistemleri, iç kontrol, risk yönetimi, güvenlik ve raporlama şartlarına uymalı; izin kapsamındaki değişiklikler için de düzenleyici kuruma başvurmalıdır.",Ödeme kuruluşlarının faaliyet izni ve müşteri fonlarına ilişkin temel sınırlar nelerdir?,Ödeme kuruluşları yalnız izin kapsamındaki hizmetleri sunabilir. Müşteri fonlarını kendi finansmanları için kullanamaz.,supported,2,,,,,,,,,,,,,,pending,,
finance_stress_0079,devv2_ma_fin_008,finance,"Kesin Alım Satım Pazarı, borçlanma araçlarının organize ikinci el piyasada alınıp satıldığı Borsa İstanbul pazarıdır. Emirler çok fiyat-sürekli müzayede yöntemiyle eşleşir. Alış emirlerinde daha yüksek fiyat, satış emirlerinde daha düşük fiyat önceliklidir; aynı fiyat seviyesindeki emirlerde zaman önceliği uygulanır. Kupon veya kira getirisi içeren araçlarda işlemiş faiz ya da birikmiş kira hariç fiyat temiz fiyat, bunları içeren fiyat ise kirli fiyat olarak adlandırılır. Takas tutarının hesaplanmasında kullanılan takas fiyatı, aracın özelliklerine göre belirlenir. Karşılanmamış veya kısmen karşılanmış emirlerin kalan bölümü değiştirilebilir ya da iptal edilebilir. Fiyat veya miktar artışı gibi bazı değişiklikler emrin zaman önceliğini kaybetmesine yol açar. Emirler verildikleri gün için geçerlidir ve gerçekleşmeyen emirler ilgili kapanış saatlerinde sistem tarafından iptal edilir. Bu kurallar emirlerin şeffaf ve öngörülebilir biçimde sıralanmasını sağlar.",Kesin Alım Satım Pazarında emir önceliği ve fiyat türleri nasıl uygulanır?,"Emirlerde önce fiyat, ardından zaman önceliği uygulanır. Temiz fiyat ise işlemiş faiz veya birikmiş kirayı içermez.",supported,2,,,,,,,,,,,,,,pending,,
finance_stress_0080,devfs_b2_fin_004,finance,"Tasarruf finansman şirketleri, müşterileriyle sözleşme kurmadan önce belirli bilgilendirme yükümlülüklerini yerine getirir. Şirket, sözleşmede bulunması gereken asgari hususları içeren ön bilgilendirme formunu sözleşmenin kurulmasından en az bir gün önce müşteriye iletmekle yükümlüdür. Bu süre müşterinin sözleşme koşullarını inceleyebilmesine imkân tanır. Müşterinin sözleşme kapsamındaki tasarruf ödemelerini geciktirmesi veya durdurması hâlinde sonuçlar sözleşmede yer alan hükümlere göre belirlenir. Şirket, müşteriye yapılacak finansman ödemesini, diğer adıyla tahsisatı, erteleyebilir veya sözleşmede belirlenen esaslar çerçevesinde sözleşmeyi tek taraflı olarak feshedebilir. Ödeme aksamasının sonucu her durumda tahsisatın hemen yapılması değildir. Yetkili şirketlerin bilgileri BDDK tarafından kamuoyuna duyurulur. Ön bilgilendirme formu, kurulacak sözleşmede yer alması gereken asgari hususları müşterinin imzadan önce inceleyebilmesini sağlar. Formun sözleşme anında ilk kez sunulması yeterli değildir.",Tasarruf finansman sözleşmesinden önce tüketiciye hangi bilgiler verilir? Ödemeler aksarsa ne olabilir?,Ön bilgilendirme formu sözleşmeden en az bir gün önce verilmelidir. Tasarruf ödemeleri aksarsa tahsisat ertelenebilir.,supported,2,,,,,,,,,,,,,,pending,,
finance_stress_0088,devfs_b2_fin_001,finance,"Finansal kiralama şirketlerinin faaliyetleri 6361 sayılı Kanun ve ilgili yönetmelik çerçevesinde düzenlenir. Finansal kiralama sözleşmesinde kiralayan, kiracının talebi ve seçimi üzerine bir malı üçüncü bir kişiden veya kiracının kendisinden satın alabilir, başka bir yolla temin edebilir ya da daha önce mülkiyetine geçirmiş olabilir. Kiralayan daha sonra bu malın zilyetliğini, maldan her türlü faydayı sağlamak üzere ve kira bedeli karşılığında kiracıya bırakır. Sözleşmenin merkezinde nakit paranın doğrudan kiracıya verilmesi değil, belirli bir malın kullanımının finansman yoluyla sağlanması bulunur. Malın seçimi kiracıdan gelebilirken, sözleşme kapsamında malı temin eden ve kullanımını kira bedeli karşılığında devreden taraf kiralayandır. Faaliyet gösteren şirketler BDDK’nın kuruluş listelerinde ayrıca yayımlanır. Bu çerçeve, finansal kiralamayı belirli bir malın kullanımına bağlı finansman modeli olarak genel amaçlı nakit krediden ayırır.",Finansal kiralama sözleşmesinde mal nasıl temin edilir ve kullanım hakkı kiracıya nasıl bırakılır?,"Kiralayan, kiracının seçtiği malı temin edebilir. Malın zilyetliği ve kullanımından doğan fayda kira bedeli karşılığında kiracıya bırakılır.",supported,2,,,,,,,,,,,,,,pending,,
finance_stress_0094,devfs_b4_fin_002,finance,"Emeklilik yatırım fonu, bireysel emeklilik sözleşmesi kapsamında katılımcılar adına izlenen katkıların değerlendirilmesi için oluşturulur. Fonlar emeklilik şirketleri tarafından kurulur, tüzel kişilikleri bulunmaz ve portföy yönetim şirketlerince yönetilir. Katılımcılara faizli ve faizsiz fon seçenekleri sunulabilir. Fon türleri, portföylerinde yer alan kamu borçlanma araçları, paylar, mevduat ve diğer yatırım araçlarının ağırlığına göre farklılaşır. Bu fonları yalnız bireysel emeklilik sistemine giren kişiler satın alabilir. Fon kazançlarına stopaj uygulanmaz; ancak BES fonlarında belirli bir getiri garantisi verilmez. Katılımcılar, dahil oldukları planın sunduğu fonlar arasından risk ve getiri tercihlerine göre seçim yapabilir. Herhangi bir tercih yapılmazsa birikimler standart fonda değerlendirilir. Fonların risk ve getiri yapısı değiştiği için katılımcının kendi tercihine uygun seçenekleri incelemesi önemlidir. Katılımcı, planın izin verdiği dönemlerde fon dağılımı tercihini değiştirebilir.","Emeklilik yatırım fonları nasıl bir hukuki yapıya sahiptir, kim tarafından yönetilir ve katılımcılar fon seçimini nasıl yapar?",Emeklilik yatırım fonlarının tüzel kişiliği yoktur ve fonlar portföy yönetim şirketlerince yönetilir. Yalnız BES katılımcıları bu fonları satın alabilir.,supported,2,,,,,,,,,,,,,,pending,,
finance_stress_0100,devv2_ma_fin_006,finance,"Yatırım fonları, tasarruf sahiplerinden katılma payı karşılığında toplanan varlıkların profesyonel biçimde yönetildiği kolektif yatırım yapılarıdır. Fonun türü, portföyün ağırlıklı olarak hangi varlıklardan oluştuğunu gösterir ve yatırımcının risk ile getiri özelliklerini değerlendirmesine yardımcı olur. Borçlanma araçları, hisse senedi ve kıymetli maden şemsiye fonlarında fon toplam değerinin en az yüzde sekseninin ilgili varlık grubuna yatırılması gerekir. Para piyasası fonlarının portföyü, vadesine en fazla 184 gün kalmış likit araçlardan oluşur ve ağırlıklı ortalama vadesi en fazla 45 gündür. Serbest şemsiye fonların katılma payları yalnız nitelikli yatırımcılara satılır. Fon sepeti fonları başka yatırım fonları ve borsa yatırım fonlarının paylarına yatırım yapar. Fonun getirisi portföydeki varlıkların performansına bağlıdır; fon türü tek başına anapara veya belirli getiri garantisi oluşturmaz. Yatırımcı fonun izahnamesi ile yatırımcı bilgi formunu birlikte incelemelidir.","Yatırım fonunun türü, fonun portföy yapısı ve kimlere satılabileceği hakkında ne gösterir?",Fon türü portföyün ağırlıklı varlık yapısını gösterir. Serbest şemsiye fonların payları yalnız nitelikli yatırımcılara satılır.,supported,2,,,,,,,,,,,,,,pending,,
finance_stress_0103,devv2_ma_fin_003,finance,"Varlığa dayalı menkul kıymet ve ipoteğe dayalı menkul kıymet ihraçları, belirli alacak veya ipotek havuzlarından doğan nakit akımlarının sermaye piyasası aracına dönüştürülmesine dayanır. Varlığa dayalı menkul kıymet ihracı için varlık finansmanı fonu, ipoteğe dayalı menkul kıymet ihracı için ise konut finansmanı fonu kurulması gerekir. Fonun kurulması için kurucunun yetkili organ kararı alması ve fon içtüzüğü ile gerekli belgeler üzerinden Sermaye Piyasası Kuruluna başvurması öngörülür. İhracın yurt içinde halka arz, halka arz edilmeksizin satış veya yurt dışında satış gibi biçimlerine göre izahname ya da ihraç belgesi hazırlanır. Fon kuruluş başvurusu ile menkul kıymet ihraç başvurusu birlikte veya ayrı zamanlarda yapılabilir. Bu araçlarda yatırımcının geri ödemesi, dayanak varlık veya ipotek havuzunun oluşturduğu nakit akımlarıyla ilişkilidir. Kuruluş ve ihraç belgelerinin kapsamı, satış yöntemine ve dayanak varlıkların niteliğine göre ilgili düzenlemeler çerçevesinde farklılaşabilir.",Varlığa ve ipoteğe dayalı menkul kıymetler hangi fonlar üzerinden ihraç edilir ve başvuru süreci nasıl yürütülür?,"Varlığa dayalı menkul kıymet için varlık finansmanı fonu, ipoteğe dayalı menkul kıymet için konut finansmanı fonu kurulur. Fon kuruluşu ve ihraç için SPK’ya gerekli belgelerle başvuru yapılır.",supported,2,,,,,,,,,,,,,,pending,,
finance_stress_0106,devv2_fin_services,finance,"Sermaye piyasasında yatırım hizmet ve faaliyetleri ile yatırım kuruluşlarının kuruluş ve çalışma esasları Sermaye Piyasası Kurulu düzenlemelerine tabidir. Aracı kurumlar ve bankalar, yalnızca sahip oldukları yetki belgeleri kapsamındaki hizmetleri sunabilir. Rehber; emir iletimi, işlem aracılığı, portföy aracılığı, bireysel portföy yöneticiliği, yatırım danışmanlığı ve saklama gibi faaliyetlerin uygulanmasına ilişkin esasları açıklar. Her yatırım kuruluşu bütün faaliyetleri otomatik olarak yürütemez; sunulacak hizmetin kuruluşun izin kapsamına girmesi gerekir. Yan hizmetler de ana yatırım hizmetlerinden farklı koşullara bağlanabilir. Bu düzenleme, yatırımcıya sunulan hizmetlerin yetkili kuruluşlarca, belirlenmiş organizasyon ve iç kontrol şartları altında yürütülmesini amaçlar.",Yatırım kuruluşları hangi hizmetleri sunabilir ve bu hizmetler hangi izinlere bağlıdır?,Yatırım kuruluşları yalnız yetki kapsamındaki hizmetleri sunabilir. Emir iletimi ve yatırım danışmanlığı farklı faaliyetlerdir.,supported,,,,,,,,,,,,,,,pending,,
finance_stress_0124,devfs_b3_fin_001,finance,"Vadeli İşlem ve Opsiyon Piyasasında piyasa yapıcılık, belirli sözleşmelerde alış ve satış yönünde kotasyon verilerek piyasa likiditesinin desteklenmesine yönelik bir uygulamadır. Piyasa yapıcı üyelerin hakları, yükümlülükleri ve kotasyon koşulları VİOP Prosedürü ile ilgili eklerde düzenlenir. Program bütün vadeli işlem ve opsiyon sözleşmelerine otomatik olarak uygulanmaz; piyasa yapıcılığa konu olabilecek sözleşmeler Borsa tarafından belirlenir. Piyasa yapıcılar kotasyon verirken miktar, fiyat aralığı ve piyasada kalma süresi gibi ölçütlere uymakla yükümlüdür. Bu kuruluşlar yatırımcının karşı tarafı olmak zorunda değildir; emir defterine düzenli alış ve satış fiyatları sunarak işlemlerin daha sağlıklı yürütülmesine katkıda bulunurlar. Borsa, yükümlülüklerin yerine getirilmesini izler ve programın koşullarını sözleşme bazında düzenleyebilir. Kotasyon yükümlülüklerinin düzenli yerine getirilmesi, emir defterindeki alış ve satış imkânlarının sürekliliğini destekler.",VİOP’ta piyasa yapıcılık hangi amaçla uygulanır ve programın kapsamı nasıl belirlenir?,VİOP piyasa yapıcılığı belirli sözleşmelerde kotasyonlarla likiditeyi destekler. Programa alınacak sözleşmeler Borsa tarafından belirlenir.,supported,2,,,,,,,,,,,,,,pending,,
finance_stress_0129,devfs_b3_fin_004,finance,"Sigortacılık ve Özel Emeklilik Düzenleme ve Denetleme Kurumu, sigortacılık ile özel emeklilik alanlarının düzenlenmesi ve denetlenmesinden sorumludur. Kurum, sigorta ettirenlerin, sigortalıların, hak sahiplerinin ve bireysel emeklilik katılımcılarının hak ve menfaatlerinin korunmasına yönelik çalışmalar yürütür. Sektörde faaliyet gösteren kuruluşlar hakkında inceleme ve denetim yapabilir, mevzuatın uygulanmasını takip edebilir ve görev alanına ilişkin raporlar hazırlayabilir. Kurumun düzenleyici işlevi, piyasadaki bütün ticari kararları şirketler adına vermek anlamına gelmez. Sigorta ürünlerinin satışı şirketler ve yetkili aracılar tarafından gerçekleştirilir; Kurum ise sektörün güvenli, istikrarlı ve mevzuata uygun işlemesine yönelik çerçeveyi oluşturur ve gözetir. Bireysel bir uyuşmazlıkta mahkemelerin yerine geçerek her olay için kesin tazminat kararı veren genel bir yargı mercii değildir. Denetim ve düzenleme çalışmaları, sektörün mali yapısının ve katılımcılara karşı yükümlülüklerin mevzuata uygun yürütülmesini destekler.",SEDDK hangi alanlarda görev yapar ve düzenleyici rolünün sınırları nelerdir?,SEDDK sigortacılık ve özel emeklilik alanlarını düzenleyip denetler. Bu alanlardaki hak sahiplerinin menfaatlerini korumaya yönelik çalışmalar yürütür.,supported,2,,,,,,,,,,,,,,pending,,
finance_stress_0140,devv2_repair_fin_001,finance,"Sermaye piyasasında bağımsız denetim, yıllık finansal tabloların belirlenen raporlama ölçütlerine uygunluğu ve doğruluğu hakkında makul güvence sağlamak amacıyla yeterli ve uygun denetim kanıtı toplanmasına dayanır. Denetçi defter, kayıt ve belgeleri inceler, gerekli denetim tekniklerini uygular ve sonucunu rapora bağlar. Ara dönem finansal tablolar için yapılan sınırlı bağımsız denetimde bilgi toplama ve analitik inceleme teknikleri öne çıkar. Halka arz başvurusu ile birleşme, bölünme, devir ve tasfiye gibi durumlarda özel bağımsız denetim yapılabilir. Denetim raporu, finansal tabloların ilgili raporlama çerçevesine uygun hazırlanıp hazırlanmadığına ilişkin görüş içerir. Yeterli kanıt elde edilememesi veya önemli yanlışlık bulunması olumlu görüş dışında bir görüşe yol açabilir. Görüş türleri olumlu, sınırlı olumlu, olumsuz ve görüş vermekten kaçınmadır. Denetim raporları finansal tablolarla birlikte kamuya açıklanır.",Sermaye piyasasında bağımsız denetim türleri ve denetçi görüşü nasıl açıklanır?,Yıllık finansal tabloların bağımsız denetimi makul güvence sağlayacak kanıtların toplanmasına dayanır. Halka arz ya da birleşme gibi durumlarda özel denetim yapılabilir.,supported,2,,,,,,,,,,,,,,pending,,
finance_stress_0142,devfs_b1_fin_005,finance,"Aracı kurumların kuruluş ve faaliyet izni süreçleri Sermaye Piyasası Kurulunun düzenlemeleri çerçevesinde yürütülür. Yeni bir aracı kurum kurulması için kuruluş başvuru formu ile istenen beyan, taahhüt ve diğer belgelerin sunulması gerekir. Kuruluş izninden sonra yatırım hizmeti veya faaliyeti yürütülebilmesi için ilgili faaliyet izni başvurusu ayrıca yapılır. Emir iletimine aracılık, işlem aracılığı, portföy aracılığı, bireysel portföy yöneticiliği, yatırım danışmanlığı ve halka arza aracılık gibi hizmetler farklı izin kapsamlarına sahip olabilir. Kurul, başvuruların ilan edilen güncel formlar ve ekler kullanılarak yapılmasını ister. Gerekli bilgi, belge veya biçim şartları eksik olduğunda başvuru işleme alınmayabilir; eksik dosya, kendiliğinden olumlu karar verilmiş sayılmaz. Bir kurum yalnız sahip olduğu yetki belgesinin kapsadığı yatırım hizmet ve faaliyetlerini sunabilir.",Aracı kurumların kuruluş ve faaliyet izni başvurularında dosyanın eksiksiz olması neden önemlidir?,"Gerekli bilgi, belge ve güncel formları içermeyen aracı kurum başvuruları SPK tarafından işleme alınmayabilir.",supported,1,,,,,,,,,,,,,,pending,,
finance_stress_0145,devfs_b5_fin_004,finance,"Borçlanma Aracı Sahipleri Kurulu düzenlemesi, aynı veya benzer borçlanma araçlarına sahip yatırımcıların değişen koşullarda toplu hareket edebilmesine imkân verir. Kurul toplantılarında borçlanma aracının hüküm ve şartlarında değişiklik yapılması, yatırımcılar ile ihraççı arasında mutabakat sağlanması ve yeniden yapılandırma konuları ele alınabilir. Düzenleme, borçlanma aracı sahipleri temsilcisinin belirlenmesini ve temsilcinin görevlerini de kapsar. İhraççının ödeme yükümlülüklerini ihlal etmesi durumunda uygulanacak süreçler ile teminat içeren borçlanma araçlarının kurul kararlarına katılımı ayrıca düzenlenmiştir. Bu mekanizma, bireysel yatırımcıların haklarını ortadan kaldıran bir ihraççı kararı değildir; toplantı, temsil ve karar süreçleri mevzuatta belirtilen usullere göre yürütülür. Alınan kararların kapsamı ilgili borçlanma aracı grubuna ve kanuni şartlara bağlıdır. Kurulun işleyişi, yatırımcıların ortak çıkarları ile ihraççının sözleşmeden doğan yükümlülüklerinin birlikte ele alınmasını amaçlar.",Borçlanma Aracı Sahipleri Kurulu neden oluşturulur ve hangi konularda karar alabilir?,"Kurul borçlanma aracı sahiplerinin toplu hareket etmesine ve şart değişikliklerini görüşmesine imkân verir. Temsilci, toplantı ve yeniden yapılandırma süreçleri düzenleme kapsamındadır.",supported,2,,,,,,,,,,,,,,pending,,
finance_stress_0197,devfs_b4_fin_001,finance,"Sigorta Tahkim Komisyonuna başvurmadan önce uyuşmazlık konusu talep ilgili sigorta kuruluşuna yazılı olarak iletilmelidir. Sigorta kuruluşu talebi karşılamayan nihai bir cevap verirse veya mevzuatta belirtilen cevap süresi içinde nihai yanıt göndermezse Komisyona başvuru yapılabilir. Başvuru, gerekli form ve belgelerle fiziki ya da elektronik ortamda gerçekleştirilebilir. Online başvuruda form sistemde girilen bilgilerden otomatik oluşturulur. Başvuru sahibinin iddiasını destekleyen belgeleri ve sigorta kuruluşuna daha önce başvurduğunu gösteren kayıtları sunması önemlidir. Mahkemeye, Hukuk Muhakemeleri Kanunu kapsamında başka bir tahkime veya Tüketici Hakem Heyetine taşınmış uyuşmazlıklar Komisyon tarafından yeniden değerlendirmeye alınmaz. Komisyonun işlevi, sigorta sözleşmelerinden doğan uyuşmazlıkların uzman hakemler aracılığıyla çözülmesini sağlamaktır. Formun ve destekleyici belgelerin eksiksiz sunulması, uyuşmazlığın gecikmeden işleme alınmasına yardımcı olur.",Sigorta Tahkim Komisyonuna başvurmadan önce hangi adımlar izlenir ve hangi uyuşmazlıklar inceleme dışında kalır?,Komisyona gitmeden önce sigorta kuruluşuna yazılı başvuru yapılır ve olumsuz ya da süresinde verilmeyen cevap sonrasında tahkim yoluna gidilebilir. Mahkemeye taşınmış aynı uyuşmazlık yeniden ele alınmaz.,supported,2,,,,,,,,,,,,,,pending,,
finance_stress_0200,devv2_ma_fin_004,finance,"Borsa İstanbul Pay Piyasasında baz fiyat, bir sermaye piyasası aracının gün içinde işlem görebileceği alt ve üst fiyat limitlerinin belirlenmesinde esas alınan referans fiyattır. Genel olarak bir önceki işlem gününün kapanış fiyatı baz fiyatın hesaplanmasında kullanılır. Önceki kapanışın bulunmadığı veya fiyatın serbest bırakıldığı durumlarda baz fiyat farklı kurallarla oluşabilir. Tek fiyat yöntemiyle işlem gören bir sırada ilk emir toplama aşamasındaki eşleşme fiyatı, sürekli işlem yönteminde ise açılışta ya da seans sırasında gerçekleşen ilk işlem fiyatı baz fiyat olabilir. Fiyat adımı, emir fiyatında bir defada gerçekleşebilecek en küçük değişimi ifade eder. Fiyat limitleri baz fiyat üzerine ilgili pazar veya araç için belirlenen marjların uygulanmasıyla hesaplanır. Üst ve alt limitler fiyat adımlarına göre içeri doğru yuvarlanır. Baz fiyat, bütün işlemlerin gün boyunca aynı fiyattan yapılacağı anlamına gelmez.","Pay Piyasasında baz fiyat, fiyat adımı ve günlük fiyat limitleri nasıl belirlenir?",Baz fiyat günlük alt ve üst fiyat limitlerinin hesaplanmasına temel olur. Fiyat adımı ise emir fiyatındaki izin verilen en küçük değişimi ifade eder.,supported,2,,,,,,,,,,,,,,pending,,
finance_stress_0006,devv2_ma_fin_008,finance,"Kesin Alım Satım Pazarı, borçlanma araçlarının organize ikinci el piyasada alınıp satıldığı Borsa İstanbul pazarıdır. Emirler çok fiyat-sürekli müzayede yöntemiyle eşleşir. Alış emirlerinde daha yüksek fiyat, satış emirlerinde daha düşük fiyat önceliklidir; aynı fiyat seviyesindeki emirlerde zaman önceliği uygulanır. Kupon veya kira getirisi içeren araçlarda işlemiş faiz ya da birikmiş kira hariç fiyat temiz fiyat, bunları içeren fiyat ise kirli fiyat olarak adlandırılır. Takas tutarının hesaplanmasında kullanılan takas fiyatı, aracın özelliklerine göre belirlenir. Karşılanmamış veya kısmen karşılanmış emirlerin kalan bölümü değiştirilebilir ya da iptal edilebilir. Fiyat veya miktar artışı gibi bazı değişiklikler emrin zaman önceliğini kaybetmesine yol açar. Emirler verildikleri gün için geçerlidir ve gerçekleşmeyen emirler ilgili kapanış saatlerinde sistem tarafından iptal edilir. Bu kurallar emirlerin şeffaf ve öngörülebilir biçimde sıralanmasını sağlar.",Kesin Alım Satım Pazarında emir önceliği ve fiyat türleri nasıl uygulanır?,Temiz fiyat yatırımcının vergi maliyetini gösterir. Emir önceliği yatırımcının geçmiş işlem hacminden etkilenir.,unverifiable,2,,,,,,,,,,,,,,pending,,
finance_stress_0008,devfs_b6_fin_001,finance,"Elektronik Genel Kurul Sistemi, şirket ve diğer uygun kuruluşların genel kurul toplantılarını hukuken geçerli biçimde elektronik katılıma açabildiği bir MKK hizmetidir. Toplantıya katılma hakkı bulunan kişiler internet üzerinden canlı görüntü ve ses aktarımını izleyebilir, gündem maddelerine ilişkin görüş ve önerilerini eş zamanlı iletebilir ve oylarını fizikî katılımcılarla aynı anda kullanabilir. Sistem elektronik ortamda temsilci tayin edilmesine ve toplantıyla ilgili bildirimlerin alınmasına da imkân verir. e-GKS, fizikî genel kurulu bütünüyle ortadan kaldırmak zorunda değildir; elektronik ve fizikî katılım aynı toplantıda birlikte yürütülebilir. Sistem şirketin gündemini kendiliğinden belirlemez veya pay sahibinin yerine oy kullanmaz. Toplantı öncesi, toplantı sırası ve sonrasındaki işlemler elektronik kayıt ve imza araçlarıyla izlenebilir. Elektronik katılım, toplantı belgelerine zamanında erişimi ve pay sahipliği haklarının kullanılmasını kolaylaştırabilir.",e-GKS pay sahiplerine toplantıya katılım ve oy kullanma konusunda hangi imkânları sağlar? Sistem hangi kararı onların yerine vermez?,Pay sahipleri toplantı öncesinde gündem maddelerine yazılı öneri ekleyebilir. Elektronik katılım kaydı şirketin faaliyet raporuna işlenir.,unverifiable,2,,,,,,,,,,,,,,pending,,
finance_stress_0009,devv2_ma_fin_002,finance,"Kaydi sistem, sermaye piyasası araçlarının ve bu araçlara bağlı hakların fiziki senetler yerine elektronik kayıtlar üzerinden izlenmesini sağlar. Türkiye’de bu yapının merkezinde Merkezi Kayıt Kuruluşu bulunur. MKK, kaydileştirilen sermaye piyasası araçlarını ve bunlara ilişkin hakları yatırımcı hesapları temelinde elektronik ortamda takip etmekle görevlidir. Kaydileştirme süreci yatırım fonlarıyla başlamış, daha sonra Borsada işlem gören payların topluca kaydi sisteme alınmasıyla genişlemiştir. Yeni sermaye piyasası aracı ihraçlarının kaydi olarak yapılması, hak sahipliği bilgilerinin merkezi ve güncellenebilir kayıtlarla izlenmesine imkân verir. Kaydi sistem, fiziki belgenin el değiştirmesine dayalı klasik yapıdan farklıdır; mülkiyet ve hak hareketleri elektronik kayıtlar üzerinden yürütülür. Bununla birlikte MKK’nın görevi yatırımcının yerine yatırım kararı vermek veya ihraççıların ticari başarısını garanti etmek değildir. Elektronik kayıt yaklaşımı, hak hareketlerinin izlenebilirliğini ve hesap bazında güncellenmesini kolaylaştıran bir piyasa altyapısı oluşturur.",Kaydi sistemde sermaye piyasası araçları ve yatırımcı hakları nasıl izlenir? MKK bu süreçte ne yapar?,Kaydi sistem yatırımcıların portföy riskini hesaplar. MKK ihraççıların temettü politikasını onaylar.,unverifiable,2,,,,,,,,,,,,,,pending,,
finance_stress_0013,devfs_b3_fin_001,finance,"Vadeli İşlem ve Opsiyon Piyasasında piyasa yapıcılık, belirli sözleşmelerde alış ve satış yönünde kotasyon verilerek piyasa likiditesinin desteklenmesine yönelik bir uygulamadır. Piyasa yapıcı üyelerin hakları, yükümlülükleri ve kotasyon koşulları VİOP Prosedürü ile ilgili eklerde düzenlenir. Program bütün vadeli işlem ve opsiyon sözleşmelerine otomatik olarak uygulanmaz; piyasa yapıcılığa konu olabilecek sözleşmeler Borsa tarafından belirlenir. Piyasa yapıcılar kotasyon verirken miktar, fiyat aralığı ve piyasada kalma süresi gibi ölçütlere uymakla yükümlüdür. Bu kuruluşlar yatırımcının karşı tarafı olmak zorunda değildir; emir defterine düzenli alış ve satış fiyatları sunarak işlemlerin daha sağlıklı yürütülmesine katkıda bulunurlar. Borsa, yükümlülüklerin yerine getirilmesini izler ve programın koşullarını sözleşme bazında düzenleyebilir. Kotasyon yükümlülüklerinin düzenli yerine getirilmesi, emir defterindeki alış ve satış imkânlarının sürekliliğini destekler.",VİOP’ta piyasa yapıcılık hangi amaçla uygulanır ve programın kapsamı nasıl belirlenir?,Piyasa yapıcı kotasyonları yatırımcılara ayrı bir göstergeyle duyurulur. Sorumlu sözleşmeler üç aylık dönemlerde yenilenir.,unverifiable,2,,,,,,,,,,,,,,pending,,
finance_stress_0018,devv2_ma_fin_004,finance,"Borsa İstanbul Pay Piyasasında baz fiyat, bir sermaye piyasası aracının gün içinde işlem görebileceği alt ve üst fiyat limitlerinin belirlenmesinde esas alınan referans fiyattır. Genel olarak bir önceki işlem gününün kapanış fiyatı baz fiyatın hesaplanmasında kullanılır. Önceki kapanışın bulunmadığı veya fiyatın serbest bırakıldığı durumlarda baz fiyat farklı kurallarla oluşabilir. Tek fiyat yöntemiyle işlem gören bir sırada ilk emir toplama aşamasındaki eşleşme fiyatı, sürekli işlem yönteminde ise açılışta ya da seans sırasında gerçekleşen ilk işlem fiyatı baz fiyat olabilir. Fiyat adımı, emir fiyatında bir defada gerçekleşebilecek en küçük değişimi ifade eder. Fiyat limitleri baz fiyat üzerine ilgili pazar veya araç için belirlenen marjların uygulanmasıyla hesaplanır. Üst ve alt limitler fiyat adımlarına göre içeri doğru yuvarlanır. Baz fiyat, bütün işlemlerin gün boyunca aynı fiyattan yapılacağı anlamına gelmez.","Pay Piyasasında baz fiyat, fiyat adımı ve günlük fiyat limitleri nasıl belirlenir?",Baz fiyat seans içinde bir kez güncellenebilir. Fiyat limiti payın işlem hacmine bağlı olarak daralır.,unverifiable,2,,,,,,,,,,,,,,pending,,
finance_stress_0074,devfs_b1_fin_002,finance,"Tasarruf Mevduatı Sigorta Fonu, bankacılık sisteminde tasarruf sahiplerinin hak ve menfaatlerini korumaya ve finansal istikrara katkı sağlamaya yönelik görevler yürütür. Fonun iki ana faaliyet alanı mevduat sigortacılığı ve banka çözümlemedir. Mevduat sigortacılığı kapsamında sigorta politikalarının ve düzenlemelerinin uygulanması, bankalara ilişkin risklerin izlenmesi, primlerin tahsili ve sigorta kapsamındaki risk gerçekleştiğinde hak sahiplerine ödeme yapılması yer alır. Banka çözümleme faaliyetleri ise yönetim ve denetimi Fona devredilen ya da faaliyet izni kaldırılan bankaların yeniden yapılandırılması, devri, birleştirilmesi, satışı veya tasfiyesi gibi işlemleri kapsayabilir. Fon ayrıca alacaklarını takip eder, varlık ve kaynaklarını yönetir. TMSF kamu tüzel kişiliğine ve idari-mali özerkliğe sahiptir; görevlerini yerine getirirken karar organının bağımsızlığı esastır. Fonun görevi normal koşullarda ticari banka gibi kredi vermek değildir.",TMSF’nin mevduat sigortacılığı ve banka çözümleme alanlarındaki temel görevleri nelerdir?,Hak sahiplerine ödeme takvimi SMS ve e-posta ile bildirilir. Çözümleme dosyaları için ayrı bir kamu raporu yayımlanır.,unverifiable,2,,,,,,,,,,,,,,pending,,
finance_stress_0086,devfs_b3_fin_004,finance,"Sigortacılık ve Özel Emeklilik Düzenleme ve Denetleme Kurumu, sigortacılık ile özel emeklilik alanlarının düzenlenmesi ve denetlenmesinden sorumludur. Kurum, sigorta ettirenlerin, sigortalıların, hak sahiplerinin ve bireysel emeklilik katılımcılarının hak ve menfaatlerinin korunmasına yönelik çalışmalar yürütür. Sektörde faaliyet gösteren kuruluşlar hakkında inceleme ve denetim yapabilir, mevzuatın uygulanmasını takip edebilir ve görev alanına ilişkin raporlar hazırlayabilir. Kurumun düzenleyici işlevi, piyasadaki bütün ticari kararları şirketler adına vermek anlamına gelmez. Sigorta ürünlerinin satışı şirketler ve yetkili aracılar tarafından gerçekleştirilir; Kurum ise sektörün güvenli, istikrarlı ve mevzuata uygun işlemesine yönelik çerçeveyi oluşturur ve gözetir. Bireysel bir uyuşmazlıkta mahkemelerin yerine geçerek her olay için kesin tazminat kararı veren genel bir yargı mercii değildir. Denetim ve düzenleme çalışmaları, sektörün mali yapısının ve katılımcılara karşı yükümlülüklerin mevzuata uygun yürütülmesini destekler.",SEDDK hangi alanlarda görev yapar ve düzenleyici rolünün sınırları nelerdir?,Kurum sigorta ürünlerinin satış fiyatını onaylar. Üyelerin müşteri şikâyetlerini doğrudan sonuçlandırır.,unverifiable,2,,,,,,,,,,,,,,pending,,
finance_stress_0090,devfs_b4_fin_005,finance,"Borsa İstanbul Kıymetli Madenler Piyasasında yetkili üyeler emirlerini işlem salonundaki temsilciler veya uzaktan erişim yoluyla Kıymetli Madenler İşlem Platformuna iletebilir. Alım ve satım emirleri fiyat ve zaman önceliğine göre çok fiyat yöntemiyle eşleşir. Üyelerin ithal ettikleri işlenmemiş kıymetli madenlerin yurt içindeki ilk alım satım işlemleri Borsada yapılır. İthal edilen standart madenlerin kabul edilen rafinerilerce üretilmiş olması, standart dışı madenlerin ise gerekli ayar raporları ve ithalat belgeleriyle Borsa kasasına teslim edilmesi gerekir. Piyasadaki işlemlerden doğan risklerin karşılanması için yetkili üyeler işlem teminatı yatırır ve bu teminatların yönetimi Takasbank tarafından yürütülür. Kıymetli madenlerin fiziki takası ile saklaması Borsanın belirlediği kasalarda gerçekleştirilir. İşlem teminatı, piyasa işlemlerinden doğan yükümlülüklerin güvenli biçimde karşılanmasına hizmet eder.",Kıymetli Madenler Piyasasında emirler nasıl eşleşir ve ithal madenlerin yurt içindeki ilk satışı nerede yapılır?,Üyeler emir iptallerine ilişkin günlük rapor alır. Fiziki teslim tarihleri yatırımcıyla ayrı sözleşmede kararlaştırılır.,unverifiable,2,,,,,,,,,,,,,,pending,,
finance_stress_0092,devv2_fin_it_audit,finance,"Sermaye piyasası kurumlarının faaliyetlerinde bilgi sistemlerinin kullanımı arttıkça, bu sistemlere ilişkin kesinti, güvenlik ve veri bütünlüğü riskleri de finansal faaliyetlerin sürekliliğini etkileyebilir. Bu nedenle halka açık ortaklıklar, sermaye piyasası kurumları, borsalar ve bazı öz düzenleyici kuruluşlar için bilgi sistemlerinin yönetimi ve bağımsız denetimine ilişkin esaslar belirlenmiştir. Bilgi sistemleri bağımsız denetimi, yalnız muhasebe rakamlarının doğruluğunu inceleyen finansal tablo denetimiyle aynı değildir. Denetim; sistemlerin yönetimi, kontrolleri, güvenliği ve sürekliliği gibi alanlara odaklanır. Bu faaliyeti yürütecek kuruluşların ilgili düzenlemelerdeki yetki ve yeterlilik koşullarını sağlaması gerekir.",Sermaye piyasasında bilgi sistemleri bağımsız denetimi hangi alanları inceler ve bu denetimi kimler yapabilir?,Bilgi sistemleri denetimi kurumun yazılımlarına kalite sertifikası verir. Denetçi yeni teknoloji tedarikçisini seçer.,unverifiable,,,,,,,,,,,,,,,pending,,
finance_stress_0093,devv2_ma_fin_006,finance,"Yatırım fonları, tasarruf sahiplerinden katılma payı karşılığında toplanan varlıkların profesyonel biçimde yönetildiği kolektif yatırım yapılarıdır. Fonun türü, portföyün ağırlıklı olarak hangi varlıklardan oluştuğunu gösterir ve yatırımcının risk ile getiri özelliklerini değerlendirmesine yardımcı olur. Borçlanma araçları, hisse senedi ve kıymetli maden şemsiye fonlarında fon toplam değerinin en az yüzde sekseninin ilgili varlık grubuna yatırılması gerekir. Para piyasası fonlarının portföyü, vadesine en fazla 184 gün kalmış likit araçlardan oluşur ve ağırlıklı ortalama vadesi en fazla 45 gündür. Serbest şemsiye fonların katılma payları yalnız nitelikli yatırımcılara satılır. Fon sepeti fonları başka yatırım fonları ve borsa yatırım fonlarının paylarına yatırım yapar. Fonun getirisi portföydeki varlıkların performansına bağlıdır; fon türü tek başına anapara veya belirli getiri garantisi oluşturmaz. Yatırımcı fonun izahnamesi ile yatırımcı bilgi formunu birlikte incelemelidir.","Yatırım fonunun türü, fonun portföy yapısı ve kimlere satılabileceği hakkında ne gösterir?",Fon türü değiştiğinde katılma payları yeni fona aktarılır. Para piyasası fonları gün içinde iki farklı fiyat açıklar.,unverifiable,2,,,,,,,,,,,,,,pending,,
finance_stress_0098,devv2_ma_fin_005,finance,"Tek fiyat işlem yönteminde bir sermaye piyasası aracı için sisteme iletilen emirler, Borsa tarafından belirlenen zaman dilimi boyunca toplanır. Emir toplama aşamasında işlemler hemen gerçekleştirilmez; emirler ilgili öncelik kurallarına göre sıralanır. Süre sonunda, en yüksek işlem miktarının gerçekleşmesini sağlayan ve öncelik kurallarını gözeten tek bir eşleşme fiyatı belirlenir. Bu yöntem gün içinde bir veya birden fazla kez uygulanabilir. Sürekli işlem yönteminde ise uygun karşı emir bulunduğunda işlemler farklı fiyat seviyelerinden seans boyunca gerçekleşebilir. Pay bazında devre kesici devreye girdiğinde, sürekli işlem geçici olarak durdurularak emir toplama ve tek fiyatla eşleştirme aşamasına geçilebilir. Tek fiyat süreci tamamlandıktan sonra ilgili pay yeniden sürekli işleme alınabilir. Yöntem, bütün yatırımcı emirlerinin mutlaka gerçekleşeceği anlamına gelmez. Eşleşme fiyatı belirlenirken yalnız fiyat değil, emirlerin öncelik sırası ve gerçekleştirilebilecek toplam miktar da dikkate alınır.",Tek fiyat yöntemi ile sürekli işlem yöntemi arasındaki fark nedir? Devre kesici sırasında hangi işlem yöntemi uygulanabilir?,Tek fiyat yöntemi yatırımcıların işlem maliyetlerini eşitler. Devre kesici şirketin finansal durumunu incelemeye açar.,unverifiable,2,,,,,,,,,,,,,,pending,,
finance_stress_0118,devfs_b4_fin_003,finance,"Menkul kıymet yatırım fonları, tasarruf sahiplerinden toplanan kaynakların uzman portföy yönetimi altında çeşitli yatırım araçlarında değerlendirilmesini sağlar. Fon portföyünde kamu ve özel sektör borçlanma araçları, yerli veya yabancı paylar, belirli vadelerde mevduat ve katılma hesapları, kıymetli madenler, diğer fonların katılma payları, repo ve ters repo işlemleri, kira sertifikaları, varantlar ve mevzuatın izin verdiği başka araçlar yer alabilir. Fonun türü, portföyün hangi varlık grubuna ağırlık verdiğini gösterir. Örneğin bir şemsiye fonun belirli bir tür adı taşıması için fon toplam değerinin en az yüzde sekseninin ilgili varlık grubuna devamlı olarak yatırılması gerekir. Yatırımcıların fon seçerken portföy bileşimini ve risk-getiri özelliklerini incelemesi beklenir. Portföy çeşitlendirmesi, birikimin tek bir yatırım aracındaki gelişmelere aşırı bağımlı kalmasını önlemeyi amaçlar.",Menkul kıymet yatırım fonlarının portföyünde hangi varlıklar bulunabilir ve fon türü nasıl belirlenir?,Fon portföyü için aylık sürdürülebilirlik notu yayımlanır. Yatırımcılar belirli araçları portföyden çıkarma talebi verebilir.,unverifiable,2,,,,,,,,,,,,,,pending,,
finance_stress_0127,devfs_b4_fin_004,finance,"Gayrimenkul sertifikaları, bir gayrimenkul projesinin belirli bağımsız bölümlerini veya bu bölümlerin belirli alan birimlerini temsil edecek biçimde ihraç edilebilir. Sertifikalar halka arz yoluyla ya da halka arz edilmeksizin nitelikli yatırımcılara satılabilir ve düzenleme kapsamında borsada işlem görmeleri gerekir. Yeterli sertifikayı biriktirerek projedeki bağımsız bölümün teslimini istemek asli edim olarak adlandırılır. Konut veya ticari alan teslimini tercih etmeyen yatırımcı için sertifikaların nakit karşılığının ödenmesi ise tali edimdir. Düzenleme, tali edimi seçen yatırımcıya en az sertifikaların ihraç değerinin ödenmesini öngörür. İhraçtan sağlanan fonlar, inşaat ilerleme raporlarında belirtilen tamamlanma oranına göre ihraççıya aktarılır. Böylece proje finansmanı ile yatırımcı hakları birlikte düzenlenir. Sertifikaların borsada işlem görmesi, yatırımcının proje tamamlanmadan önce alım veya satım yapabilmesine imkân verir.",Gayrimenkul sertifikalarında asli ve tali edim ne anlama gelir? İhraçtan elde edilen gelirler nasıl kullanılır?,Bağımsız bölüm tercihleri proje ilerlemesinin yarısında yeniden açılır. Sertifika sahiplerine örnek daire ziyareti için randevu verilir.,unverifiable,2,,,,,,,,,,,,,,pending,,
finance_stress_0130,devv2_ma_fin_007,finance,"Borsa İstanbul Borçlanma Araçları Piyasası, sabit getirili menkul kıymetlerin birinci ve ikinci el işlemlerinin düzenli ve şeffaf bir ortamda gerçekleştirilmesini sağlayan pazarlardan oluşur. Kesin Alım Satım Pazarı, repo-ters repo pazarları, nitelikli yatırımcıya ihraç pazarı, uluslararası tahvil pazarı ve diğer uzmanlaşmış pazarlar bu yapı içinde yer alır. Türk lirası veya döviz cinsinden borçlanma araçları, kira sertifikaları, likidite senetleri ve Borsa tarafından uygun görülen diğer araçlar işlem görebilir. İşlemler elektronik ortamda ve çok fiyat-sürekli müzayede yöntemiyle yürütülür. Türkiye Cumhuriyet Merkez Bankası, yetkili bankalar ve Borsa üyeleri belirlenen koşullarla piyasada işlem yapabilir. Takas işlemleri Takasbank tarafından gerçekleştirilir. Piyasa, yatırımcıların doğrudan taraf olduğu perakende satış platformu değil, yetkilendirilmiş piyasa katılımcılarının işlem yaptığı organize bir altyapıdır. Pazar kuralları araç ve işlem türüne göre farklılaşabilir.",Borçlanma Araçları Piyasası hangi pazarlardan oluşur ve işlemler kimler aracılığıyla yürütülür?,Piyasa yatırımcıların kredi limitlerini hesaplar. Takasbank borçlanma aracının kupon oranını onaylar.,unverifiable,2,,,,,,,,,,,,,,pending,,
finance_stress_0153,devv2_fin_gyo,finance,"Gayrimenkul yatırım ortaklıkları, gayrimenkullere, gayrimenkul projelerine, gayrimenkule dayalı haklara ve izin verilen sermaye piyasası araçlarına yatırım yapabilen sermaye piyasası kurumlarıdır. Ortaklık, portföyündeki taşınmazlardan kira geliri veya alım satım kazancı elde edebilir. Payları satın alan yatırımcı ortaklık kâr dağıtırsa payına düşen temettüyü alma, genel kurula katılma ve bilgi edinme gibi ortaklık haklarına sahip olur. Gayrimenkul yatırım ortaklığı paylarına yatırım, borsada işlem yapmaya yetkili bir yatırım kuruluşuna talimat verilerek gerçekleştirilebilir. Ortaklığın faaliyet ve finansal raporları kamuya açıklanır. Yapı, yatırımcıya belirli bir taşınmazın doğrudan tapusunu vermez; yatırım ortaklığının payına sahip olmayı sağlar.",Gayrimenkul yatırım ortaklığı hangi varlıklara yatırım yapar ve pay sahiplerine hangi hakları sağlar?,GYO payı sahibine portföydeki projelerde ön alım hakkı verir. Ortaklık yatırımcı adına kira sözleşmesi imzalar.,unverifiable,,,,,,,,,,,,,,,pending,,
finance_stress_0156,devfs_b2_fin_005,finance,"Kredi kartlarında yıllık üyelik ücreti, sözleşmede bu ücretin alınabileceğinin belirtilmesi koşuluyla tahsil edilebilir. Bununla birlikte bankalar, yıllık üyelik ücreti bulunmayan bir kredi kartı türünü müşterilerine sunmak zorundadır. Kart hiç kullanılmamışsa yıllık üyelik ücreti alınamaz. Kesintisiz olarak en az 180 gün hareket görmeyen kredi kartı hareketsiz kart kabul edilir ve hareketsiz kaldığı sürece bu karta yıllık üyelik ücreti yansıtılamaz. Sanal kredi kartlarından ve banka kartlarından da yıllık üyelik ücreti alınmaz. Bir takvim yılında kayıp veya çalıntı gibi nedenlerle gerçekleştirilen ilk iki kart yenilemesi ücretsizdir; ikiden fazla yenileme talebinde ücret alınabilir. Ek kartın üyelik ücreti ise asıl kart ücretinin yarısını aşamaz. Bu kurallar, kart türü ve kullanım durumuna göre ücret alınabilecek ve alınamayacak hâlleri birbirinden ayırır.","Kredi kartı üyelik ücreti hangi kartlardan alınabilir, hangi durumlarda alınamaz?",Ücretsiz kart talebi mobil bankacılıktan ayrıca onaylanır. Kart değişiminde eski üyelik dönemi yeni karta aktarılır.,unverifiable,2,,,,,,,,,,,,,,pending,,
finance_stress_0157,devv2_ma_fin_003,finance,"Varlığa dayalı menkul kıymet ve ipoteğe dayalı menkul kıymet ihraçları, belirli alacak veya ipotek havuzlarından doğan nakit akımlarının sermaye piyasası aracına dönüştürülmesine dayanır. Varlığa dayalı menkul kıymet ihracı için varlık finansmanı fonu, ipoteğe dayalı menkul kıymet ihracı için ise konut finansmanı fonu kurulması gerekir. Fonun kurulması için kurucunun yetkili organ kararı alması ve fon içtüzüğü ile gerekli belgeler üzerinden Sermaye Piyasası Kuruluna başvurması öngörülür. İhracın yurt içinde halka arz, halka arz edilmeksizin satış veya yurt dışında satış gibi biçimlerine göre izahname ya da ihraç belgesi hazırlanır. Fon kuruluş başvurusu ile menkul kıymet ihraç başvurusu birlikte veya ayrı zamanlarda yapılabilir. Bu araçlarda yatırımcının geri ödemesi, dayanak varlık veya ipotek havuzunun oluşturduğu nakit akımlarıyla ilişkilidir. Kuruluş ve ihraç belgelerinin kapsamı, satış yöntemine ve dayanak varlıkların niteliğine göre ilgili düzenlemeler çerçevesinde farklılaşabilir.",Varlığa ve ipoteğe dayalı menkul kıymetler hangi fonlar üzerinden ihraç edilir ve başvuru süreci nasıl yürütülür?,Fon portföyüne aynı tür alacaklar alınır. Dayanak varlık havuzu bağımsız derecelendirme notu taşır.,unverifiable,2,,,,,,,,,,,,,,pending,,
finance_stress_0185,devfs_b1_fin_005,finance,"Aracı kurumların kuruluş ve faaliyet izni süreçleri Sermaye Piyasası Kurulunun düzenlemeleri çerçevesinde yürütülür. Yeni bir aracı kurum kurulması için kuruluş başvuru formu ile istenen beyan, taahhüt ve diğer belgelerin sunulması gerekir. Kuruluş izninden sonra yatırım hizmeti veya faaliyeti yürütülebilmesi için ilgili faaliyet izni başvurusu ayrıca yapılır. Emir iletimine aracılık, işlem aracılığı, portföy aracılığı, bireysel portföy yöneticiliği, yatırım danışmanlığı ve halka arza aracılık gibi hizmetler farklı izin kapsamlarına sahip olabilir. Kurul, başvuruların ilan edilen güncel formlar ve ekler kullanılarak yapılmasını ister. Gerekli bilgi, belge veya biçim şartları eksik olduğunda başvuru işleme alınmayabilir; eksik dosya, kendiliğinden olumlu karar verilmiş sayılmaz. Bir kurum yalnız sahip olduğu yetki belgesinin kapsadığı yatırım hizmet ve faaliyetlerini sunabilir.",Aracı kurumların kuruluş ve faaliyet izni başvurularında dosyanın eksiksiz olması neden önemlidir?,Başvurular planlanan şube sayısına bağlı olarak farklı komisyonlarda incelenir. Karar gerekçesi elektronik bildirimle iletilir.,unverifiable,1,,,,,,,,,,,,,,pending,,
finance_stress_0190,devv2_repair_fin_003,finance,"Ödeme kuruluşları, 6493 sayılı Kanun kapsamındaki ödeme hizmetlerini sunmak üzere Türkiye Cumhuriyet Merkez Bankasından faaliyet izni alan kuruluşlardır. Bir kuruluş yalnız izin belgesinde yer alan hizmetleri yürütebilir. Ödeme hesabının işletilmesi, para transferi, ödeme aracının kabulü, fatura ödemesine aracılık ve ödeme emri başlatma gibi hizmetler mevzuatta ayrı faaliyet türleri olarak düzenlenir. Ödeme kuruluşları mevduat veya katılım fonu kabul edemez ve topladıkları müşteri fonlarını kendi finansman ihtiyaçları için kullanamaz. Müşteri fonlarının korunmasına ilişkin hesap ve güvence yükümlülükleri bulunur. Faaliyet izni bulunmayan bir kişinin ödeme hizmeti sunması yasaktır. Kuruluşlar bilgi sistemleri, iç kontrol, risk yönetimi, güvenlik ve raporlama şartlarına uymalı; izin kapsamındaki değişiklikler için de düzenleyici kuruma başvurmalıdır.",Ödeme kuruluşlarının faaliyet izni ve müşteri fonlarına ilişkin temel sınırlar nelerdir?,Ödeme kuruluşu kullanıcıların sigorta poliçelerini yönetir. Kuruluşlar arası hizmet ücretleri ortak tarifeyle belirlenir.,unverifiable,2,,,,,,,,,,,,,,pending,,
finance_stress_0191,devfs_b2_fin_002,finance,"Faktoring faaliyetleri 6361 sayılı Kanun ve ilgili düzenlemelere tabidir. Faktoring sözleşmesinin konusu, mal veya hizmet satışından doğan ve fatura ile belgelendirilen alacaklar olabileceği gibi, belirlenen usullere göre belgelendirilebilen gelecekteki alacaklar da olabilir. Müşteri, bu alacakları faktoring şirketine devreder. Faktoring şirketinin sunduğu hizmet yalnız alacağı satın almaktan ibaret değildir. Sözleşme; tahsilat yapılması, borçlu ve müşteri hesaplarının tutulması, müşteriye finansman sağlanması veya alacağın ödenmeme riskine karşı faktoring garantisi verilmesi işlevlerinden birini ya da birkaçını içerebilir. Bu nedenle her faktoring işleminde bütün hizmetlerin birlikte sunulması zorunlu değildir. İşlemin temel dayanağı, mal veya hizmet satışına bağlı bir alacağın devredilmesidir. Sözleşmede hangi işlevlerin üstlenileceği, müşteri ile faktoring şirketi arasındaki ilişkinin kapsamına göre belirlenir. Bu nedenle faktoring, tek tip ve değişmez bir hizmet paketi olarak değerlendirilmez.",Faktoring sözleşmesi hangi alacağa dayanır ve hangi hizmetleri sağlayabilir?,Alacak devrinden önce borçluya elektronik bilgilendirme yapılır. Tahsilat raporu ay sonunda satıcıya gönderilir.,unverifiable,2,,,,,,,,,,,,,,pending,,
legal_stress_0023,devv2_repair_leg_002,legal,"Web Tapu sistemi, taşınmaz maliklerinin tapu bilgilerine elektronik ortamda erişmesini ve bazı işlemleri müdürlüğe gitmeden başlatmasını sağlar. Malik, gerekli ödemeleri yaparak resmî geçerliliği bulunan güncel tapu senedi, ipotek belgesi ve tapu kayıt örneği alabilir. Taşınmaz bilgilerinin başka bir kişi tarafından incelenmesi için yetki verilebilir. İşlem başvurusu ve gerekli belgeler internet üzerinden tapu müdürlüğüne gönderilebilir; böylece süreç imza aşamasına kadar ilerletilebilir. Malik, taşınmazına kendisi gelmeden işlem yapılmamasına yönelik beyan tesis edebilir veya bu beyanı kaldırabilir. Emlakçıya tapu bilgilerini görüntüleme ve başvuru yapma yetkisi verilip sonradan iptal edilebilir. Sistem başvuruyu başlatmayı kolaylaştırır, ancak imza veya mevzuatın zorunlu tuttuğu kimlik doğrulama aşamalarını kendiliğinden ortadan kaldırmaz.",Web Tapu üzerinden hangi işlemler yapılabilir ve sistemin sınırı nedir?,Web Tapu maliklerin taşınmaz bilgilerini görmesine izin vermez. Tapu müdürlüğüne elektronik belge gönderilmesini engeller.,contradicted,2,,,,,,,,,,,,,,pending,,
legal_stress_0037,devfs_b3_leg_005,legal,"Mağdura Yaklaşım Kılavuzu, adli süreçte mağdurlarla temas eden görevlilerin ortak, özenli ve mağdur odaklı bir yaklaşım geliştirmesine yardımcı olmak amacıyla hazırlanmıştır. Kılavuz, mağdurun bireysel özelliklerinin ve kırılganlık durumunun dikkate alınmasını, iletişim sırasında saygılı ve anlaşılır bir dil kullanılmasını ve ikincil örselenmeye yol açabilecek davranışlardan kaçınılmasını vurgular. Çocuklar, yaşlılar, engelliler ve şiddet mağduru kadınlar gibi grupların ihtiyaçları farklı olabileceğinden tek tip yaklaşım yerine duruma uygun tutum önerilir. Kılavuzdan hâkim ve savcıların yanı sıra avukatlar, kolluk görevlileri ve sağlık çalışanları da yararlanabilir. Metin, mağdurun beyanının doğruluğu hakkında hüküm veren bir yargı kararı değildir; mağdurla temas ve hizmet sunumu sırasında uygulanacak mesleki yaklaşım için rehberlik sağlar. Görevlilerin mağduru süreç ve hakları konusunda anlaşılır biçimde bilgilendirmesi, güven ilişkisini güçlendiren temel unsurlardandır.",Mağdura Yaklaşım Kılavuzu kimlere yöneliktir ve hizmet sunumunda hangi ilkeleri öne çıkarır?,Kılavuz yalnız hâkim ve savcılara yöneliktir. Mağdurun bireysel özellikleri ve kırılganlık durumu görüşmelerde dikkate alınmaz.,contradicted,2,,,,,,,,,,,,,,pending,,
legal_stress_0046,devfs_b1_leg_004,legal,"Merkezi Sicil Kayıt Sistemi, şirketler ve ticari işletmelere ilişkin sicil işlemlerinin elektronik ortamda yürütülmesi için kurulan merkezi bir bilgi sistemidir. Sistem; kuruluş, değişiklik ve terkin işlemlerinin hazırlanmasını, ticaret sicili kayıtlarının tutulmasını ve tescil veya ilan edilmesi gereken içeriklerin elektronik ortamda saklanmasını destekler. MERSİS’in ikinci temel işlevi, tüzel kişiler ve diğer ekonomik birimleri tekil bir numarayla ortak bir yapıda birleştirerek kamu kurumlarının ihtiyaç duyduğu tüzel kişilik bilgilerine tek noktadan erişimini kolaylaştırmaktır. Sistem yalnızca bir belge arşivi değildir; elektronik başvuru, e-imza ile karar oluşturma ve farklı kamu veri tabanlarıyla bilgi paylaşımı gibi süreçleri de destekler. Bununla birlikte MERSİS üzerinden başvuru yapılması, kanunda aranan maddi kuruluş şartlarını veya ticaret sicili incelemesini ortadan kaldırmaz.",MERSİS’in şirket ve ticari işletme işlemlerindeki temel işlevi nedir?,MERSİS’te şirket sicil işlemleri kâğıt ortamında yürütülür. Sistem elektronik başvuruya kapalıdır.,contradicted,1,,,,,,,,,,,,,,pending,,
legal_stress_0051,devv2_leg_unfair_terms,legal,"Tüketici mevzuatında yazılı düzenlenmesi öngörülen sözleşme ve bilgilendirmelerin en az on iki punto büyüklüğünde, açık, sade, anlaşılabilir ve okunabilir biçimde hazırlanması gerekir. Bunların bir örneği kâğıt veya kısa mesaj, elektronik posta ve benzeri kalıcı veri saklayıcıları üzerinden tüketiciye verilmelidir. Sözleşmede bulunması gereken bir şartın eksik olması her durumda sözleşmeyi geçersiz kılmaz; eksikliğin sözleşmeyi düzenleyen tarafından derhâl giderilmesi gerekir. Satıcı, sağlayıcı veya kredi veren, sözleşme kurulduktan sonra hükümleri tüketicinin aleyhine tek taraflı olarak değiştiremez. Tüketiciyle müzakere edilmeden sözleşmeye konulan ve taraflar arasında önemli dengesizliğe yol açan hükümler haksız şart olarak değerlendirilebilir.",Tüketici sözleşmesindeki bir hüküm hangi durumda haksız şart sayılır ve sözleşme metni nasıl hazırlanmalıdır?,Sözleşmedeki her eksiklik sözleşmeyi kendiliğinden geçersiz kılar. Tüketiciye bir örnek verilmez.,contradicted,,,,,,,,,,,,,,,pending,,
legal_stress_0056,devv2_ma_leg_009,legal,"Şikâyet, suçtan zarar gören kişinin maruz kaldığı eylemi Cumhuriyet başsavcılığına veya kolluk makamlarına bildirerek olayın araştırılmasını ve failin cezalandırılmasını istemesidir. Şikâyetçi kişinin faili tanıması şart değildir; kimliği bilinmeyen fail hakkında da başvuru yapılabilir. İhbar ise suç oluşturduğu düşünülen bir olayın veya şüphelinin yetkili makamlara bildirilmesidir ve herkes ihbarda bulunabilir. Soruşturulması şikâyete bağlı suçlarda genel şikâyet süresi, kişinin fiili ve faili öğrendiği tarihten itibaren altı aydır; kamu adına takip edilen suçlar bu sınırlamaya tabi değildir. Şikâyete bağlı suçlarda şikâyetten vazgeçme karar verilinceye kadar mümkün olabilir ve ceza sürecini etkileyebilir. Kamu adına takip edilen suçlarda ise vazgeçme soruşturma veya davanın mutlaka sona ermesi sonucunu doğurmaz. Acil ve devam eden olaylarda 112 aranabilir. Başvurunun niteliği yetkili makamın izleyeceği süreci belirler.",Şikâyet ile ihbar arasındaki fark nedir ve şikâyete bağlı suçlarda süre ne zaman başlar?,Şikâyet başvurusu failin kimliğinin eksiksiz bilinmesine bağlıdır. Suç şüphesini öğrenen üçüncü kişiler ihbarda bulunamaz.,contradicted,2,,,,,,,,,,,,,,pending,,
legal_stress_0057,devfs_b2_leg_001,legal,"Paket tur sözleşmesi; ulaştırma, konaklama ve araç kiralama, rehberlik, gezi, gösteri ya da spor etkinliği gibi başka turizm hizmetlerinden en az ikisinin birlikte sunulduğu bir sözleşmedir. Hizmetlerin her şey dâhil bir fiyatla satılması veya satışının vaat edilmesi ve turun yirmi dört saatten uzun sürmesi ya da gecelik konaklama içermesi gerekir. Yalnız otel rezervasyonu tek bir konaklama hizmetinden oluştuğu için, günübirlik tur ise yirmi dört saatten kısa sürdüğü için tek başına paket tur sayılmaz. Sözleşme kurulmadan önce tüketiciye broşürle bilgi verilmeli ve kurulan sözleşmenin bir örneği kâğıt üzerinde veya kalıcı veri saklayıcısıyla sunulmalıdır. Tur tüketiciden kaynaklanmayan bir nedenle iptal edilir ya da esaslı biçimde değiştirilirse tüketici değişikliği kabul edebilir, alternatif turu seçebilir veya sözleşmeden dönebilir.",Bir hizmet hangi koşullarda paket tur sayılır? Tur iptal edilirse tüketici hangi haklara sahiptir?,"Paket tur tek bir konaklama hizmetinden oluşur. Tüketici, tur başlamadan yapılan iptalde sözleşmeye bağlı kalır.",contradicted,2,,,,,,,,,,,,,,pending,,
legal_stress_0066,devv2_leg_data_breach,legal,"Kişisel verilerin kanuni olmayan yollarla başkaları tarafından elde edilmesi hâlinde veri sorumlusu, durumu en kısa sürede ilgili kişiye ve Kişisel Verileri Koruma Kuruluna bildirmekle yükümlüdür. Kurul, gerekli görürse ihlali kendi internet sitesinde veya uygun gördüğü başka bir yöntemle ilan edebilir. Veri ihlali bildiriminde olayın ne zaman başladığı ve tespit edildiği, ihlalin nasıl gerçekleştiği, etkilenen kişi grupları, veri kategorileri ve tahmini kişi sayısı gibi bilgiler yer alabilir. Bildirim yapılması, ihlalin nedenlerinin ve alınan güvenlik tedbirlerinin ayrıca incelenmesine engel değildir. Kurulun internet sitesindeki ilan, veri sorumlusunun ilgili kişilere bildirim yükümlülüğünü kendiliğinden ortadan kaldırmaz.",Kişisel veri ihlali olduğunda kimlere bildirim yapılır ve bildirimde hangi bilgiler yer alır?,Kişisel veri ihlalinde yalnız Kurula bildirim yapılır. İlgili kişilere ayrıca bildirim yapılması gerekmez.,contradicted,,,,,,,,,,,,,,,pending,,
legal_stress_0075,devfs_b4_leg_002,legal,"Patent sınıflandırması, patent ve faydalı model dokümanlarını teknik alanlara göre düzenleyen hiyerarşik bir sistemdir. Uluslararası Patent Sınıflandırması, farklı dillerdeki sözcüklere bağlı kalmadan harf ve rakamlardan oluşan semboller kullanır. Sistem, bir buluşun ait olduğu teknik alanın belirlenmesine ve önceki tarihli patent dokümanlarının araştırılmasına yardımcı olur. Tekniğin bilinen durumuna erişim; patent ofisleri, başvuru sahipleri, araştırma kuruluşları ve teknoloji geliştiren birimler için önemlidir. Sınıflandırma, belgelerin konularına göre aranmasını kolaylaştırdığı gibi patent istatistiklerinin teknik alanlara göre hazırlanmasını da destekler. Belirli bir teknoloji alanındaki gelişmelerin izlenmesi ve önceki çözümlerin bulunması bu yapı sayesinde daha düzenli yürütülebilir. Sınıflandırma tek başına patent hakkı vermez veya başvurunun yenilik taşıdığına karar vermez. Korumanın verilip verilmeyeceği, sınıflandırmadan ayrı olan kanuni inceleme sürecinde değerlendirilir.",Patent sınıflandırması hangi amaçlarla kullanılır ve tek başına hangi hukuki sonucu doğurmaz?,Patent sınıflandırması belgeleri teknik alanlara göre ayırmaz. Önceki patent dokümanlarının araştırılmasında kullanılamaz.,contradicted,2,,,,,,,,,,,,,,pending,,
legal_stress_0081,devfs_b2_leg_005,legal,"Taksitle satış sözleşmesinde satıcı veya sağlayıcı malı teslim etmeyi ya da hizmeti sunmayı, tüketici ise bedeli kısım kısım ödemeyi üstlenir. Sözleşmenin yazılı kurulması ve bir örneğinin kâğıt üzerinde veya kalıcı veri saklayıcısıyla tüketiciye verilmesi zorunludur. Metin en az on iki punto büyüklüğünde, açık, sade ve okunabilir olmalıdır. Tüketici kural olarak yedi gün içinde gerekçe göstermeden ve cezai şart ödemeden cayabilir. Cayma bildirimi süre içinde yazılı olarak veya kalıcı veri saklayıcısıyla satıcıya yöneltilir. Tüketici borcun tamamını ya da vadesi gelmemiş taksitleri erken öderse, faiz veya komisyon alınan işlemlerde gerekli indirim yapılmalıdır. Tüketici işlemi nedeniyle düzenlenen senetler nama yazılı ve her taksit için ayrı olmalıdır. Yazılı şekle uymayan satıcı, sözleşmenin geçersizliğini daha sonra tüketicinin aleyhine kullanamaz.",Taksitle satış sözleşmesi nasıl kurulmalıdır? Cayma ve erken ödeme hâlinde ne olur?,Taksitle satış sözlü anlaşmayla kurulur. Erken ödemede faiz ve komisyon tam olarak tahsil edilir.,contradicted,2,,,,,,,,,,,,,,pending,,
legal_stress_0083,legal_a500aeb688296446,legal,"Türkiye Cumhuriyeti Anayasası düşünce ve kanaat hürriyetini 25. maddede, düşünceyi açıklama ve yayma hürriyetini ise 26. maddede düzenler. 25. maddeye göre herkes düşünce ve kanaat hürriyetine sahiptir; kimse bunları açıklamaya zorlanamaz, düşünceleri nedeniyle kınanamaz ve suçlanamaz. 26. madde herkesin düşünce ve kanaatlerini söz, yazı, resim veya başka yollarla tek başına ya da toplu olarak açıklama ve yayma hakkını güvence altına alır. Bu hak, resmî makamların müdahalesi olmadan haber veya fikir alma ve verme serbestliğini de kapsar. Bununla birlikte kullanım; millî güvenlik, kamu düzeni, suçların önlenmesi, başkalarının şöhret ve hakları, özel hayat, meslek sırları veya yargılama görevinin korunması gibi anayasal amaçlarla kanunla sınırlanabilir. Yayma araçlarına ilişkin düzenlemeler, yayımı engellemediği sürece tek başına özgürlüğün ihlali sayılmaz.",Anayasanın 25 ve 26. maddeleri düşünce özgürlüğünün hangi yönlerini düzenler?,25. madde kişileri düşüncelerini açıklamaya zorlar. 26. madde düşüncelerin toplu biçimde yayılmasını yasaklar.,contradicted,,,,,,,,,,,,,,,pending,,
legal_stress_0105,devfs_b3_leg_001,legal,"Çocuk Adalet Merkezi, çocukların taraf olduğu adli süreçlerin yetişkinlere yönelik adliye ortamından ayrılarak çocuk dostu bir yapıda yürütülmesini amaçlayan bir hizmet modelidir. Merkezde çocuk ağır ceza mahkemesi, çocuk mahkemesi, Cumhuriyet başsavcılığının çocuk bürosu ve adli destek birimleri aynı yapı içinde çalışabilir. Böylece çocukla ilgili adli işlemlerde hâkim, savcı, sosyal çalışma görevlisi ve diğer uzmanların eşgüdümü güçlendirilir. Amaç çocuğun yüksek yararını gözetmek, tekrar tekrar farklı birimlere yönlendirilmesini azaltmak ve ikincil örselenme riskini sınırlamaktır. Merkez yalnız suç mağduru çocuklara değil, adli sürece farklı sıfatlarla dâhil olan çocuklara yönelik hizmetleri de koordine edebilir. Çocuk Adalet Merkezi mahkemelerin yerine geçen idari bir kurum değildir; yargısal birimler ile destek hizmetlerini çocuk odaklı bir düzen içinde bir araya getirir.",Çocuk Adalet Merkezi hangi birimleri bir araya getirir ve çocuklar bakımından hangi amacı taşır?,Çocuk Adalet Merkezi yargısal birimleri birbirinden ayırır. Çocukların işlemlerini yetişkinlerle aynı ortamda yürütmeyi hedefler.,contradicted,2,,,,,,,,,,,,,,pending,,
legal_stress_0110,devv2_leg_subscription,legal,"Abonelik sözleşmesi, tüketicinin belirli bir mal veya hizmetten sürekli ya da düzenli aralıklarla yararlanmasını sağlayan sözleşmedir. Elektrik, su, doğal gaz, mobil haberleşme, internet, dijital yayın, çevrim içi eğitim, yazılım ve benzeri birçok hizmet abonelik konusu olabilir. Aboneliklere ilişkin temel kurallar Tüketicinin Korunması Hakkında Kanun ile Abonelik Sözleşmeleri Yönetmeliğinde düzenlenir; bazı sektörlerde bunlara ek özel düzenlemeler de bulunabilir. Sözleşmenin kurulması, tüketiciye bilgi verilmesi, değişikliklerin bildirilmesi ve fesih işlemleri ilgili mevzuata uygun yürütülmelidir. Bir hizmetin düzenli ödeme gerektirmesi tek başına bütün sözleşmeleri aynı hukuki rejime sokmaz; hizmetin niteliği ve sektörel kurallar ayrıca değerlendirilir.","Abonelik sözleşmesi hangi hizmetleri kapsayabilir ve kurulma, değişiklik ile fesih süreçleri hangi kurallara tabidir?",Abonelik sözleşmeleri basılı yayın teslimiyle sınırlıdır. İnternet ve elektronik haberleşme hizmetleri tek seferlik satış kabul edilir.,contradicted,,,,,,,,,,,,,,,pending,,
legal_stress_0118,devv2_ma_leg_003,legal,"TÜRKPATENT bünyesindeki Yeniden İnceleme ve Değerlendirme Dairesi, sınai mülkiyet haklarıyla ilgili birimlerin nihai kararlarına karşı yapılan itirazları inceler. Karardan menfaati etkilenen taraflar, kararın bildirim tarihinden itibaren iki ay içinde Kurum nezdinde itiraz yoluna başvurabilir. İnceleme; marka, patent, faydalı model, tasarım, coğrafi işaret, geleneksel ürün adı ve entegre devre topoğrafyası gibi farklı hak türlerine ilişkin kararları kapsayabilir. Daire ayrıca ilgili mevzuatın öngördüğü yayıma itiraz ve görüş süreçlerini de değerlendirir. Yeniden İnceleme ve Değerlendirme Kurulunun kararı TÜRKPATENT nezdinde nihai karardır; aynı karar için Kurum içinde yeniden bir itiraz aşaması bulunmaz. Kurulun nihai kararına karşı, kararın bildiriminden itibaren iki ay içinde Ankara Fikrî ve Sınaî Haklar Hukuk Mahkemesinde dava açılması mümkündür. Kurum içi itiraz ile mahkemede dava açılması birbirinden farklı hukuki yollardır. Başvuru süreleri kararın usulüne uygun bildirim tarihinden itibaren işlemeye başlar.",TÜRKPATENT kararına nasıl itiraz edilir ve itiraz sonrasında dava yolu nasıl işler?,TÜRKPATENT birim kararları Kurum içinde kesinleşir ve bu kararlara itiraz başvurusu yapılamaz. Kurul kararları da yargı denetimine kapalıdır.,contradicted,2,,,,,,,,,,,,,,pending,,
legal_stress_0130,devfs_b3_leg_004,legal,"Devre tatil sözleşmesi, bir yıldan uzun süre için kurulan ve bu süre içinde birden fazla dönem bakımından gecelik konaklama imkânı veren sözleşmeleri kapsar. Satıcı veya sağlayıcı, sözleşme imzalanmadan en az bir gün önce tüketiciye ön bilgilendirme formu vermelidir. Tüketici, sözleşmenin kurulmasından itibaren on dört gün içinde gerekçe göstermeden ve cezai şart ödemeden cayabilir. Cayma süresi dolmadan tüketiciden ödeme alınması veya onu borç altına sokan belge istenmesi yasaktır. Ön ödemeli devre tatil sözleşmelerinde satıcının öngörülen teminat yöntemlerinden en az birini sağlaması gerekir ve devir ya da teslim süresi sözleşme tarihinden itibaren otuz altı ayı geçemez. Cayma hakkının kullanılması, tüketicinin ayrıca bir cayma tazminatı ödemesine bağlı değildir. Ön bilgilendirme formu, tüketicinin sözleşmenin süresi, bedeli ve kullanım koşulları hakkında karar vermesine yardımcı olur.","Devre tatil sözleşmelerinde ön bilgilendirme, cayma ve ön ödemeli satış koşulları nasıl düzenlenmiştir?",Ön bilgilendirme sözleşme imzalandıktan sonra yapılır. Tüketici cayma hakkını kullanırsa zorunlu olarak cezai şart öder.,contradicted,2,,,,,,,,,,,,,,pending,,
legal_stress_0138,devfs_b1_leg_005,legal,"Marka yalnız sözcük veya iki boyutlu logodan oluşmak zorunda değildir. Koruma konusu sicilde açık ve kesin biçimde gösterilebildiği sürece ses, üç boyutlu şekil, renk, hareket veya benzeri işaretler de marka başvurusuna konu olabilir. Ses markası başvurusunda işaretin elektronik ortamda dinlenmeye ve saklanmaya elverişli ses kaydı sunulur; nota gösterimi mümkünse eklenebilir, ancak zorunlu değildir. Üç boyutlu marka için koruma konusunu anlaşılır kılan tek veya farklı açılardan görünümler sunulabilir ve bu gösterimler markanın bütünlüğünü bozmamalıdır. Renk markasında renk görseli ile Kurumun kabul ettiği renk kodunun belirtilmesi gerekir. Bir rengin belirli bir şekil veya sözcük içinde kullanılması her zaman bağımsız renk markası sayılmaz. Başvuru türü, sunulacak gösterim ve teknik dosyayı doğrudan etkiler. Gösterimin, koruma konusunu açık ve tereddüde yer bırakmayacak biçimde ortaya koyması beklenir.",Geleneksel olmayan marka başvurularında işaretin gösterimi nasıl yapılır?,Ses ve üç boyutlu işaretler sicilde gösterilemediği için marka başvurusuna konu olamaz.,contradicted,1,,,,,,,,,,,,,,pending,,
legal_stress_0139,devfs_b5_leg_002,legal,"Kişisel verilerin yurt dışına aktarılmasında önce aktarım yapılacak ülke veya sektör için yeterlilik kararı bulunup bulunmadığı değerlendirilir. Yeterlilik kararı yoksa Kanunda öngörülen uygun güvencelerden biri sağlanarak aktarım yapılabilir. Standart sözleşmeler ve bağlayıcı şirket kuralları bu uygun güvence yöntemleri arasındadır. Kurul tarafından yayımlanan standart sözleşme; aktarılacak veri kategorileri, aktarım amacı, alıcılar, teknik ve idari önlemler ile özel nitelikli verilere ilişkin ek tedbirleri içerir. Usulüne uygun standart sözleşmenin kullanılması ayrıca Kurul izni alınmadan aktarıma imkân verebilir. Bununla birlikte sözleşmenin imzalanmasından itibaren beş iş günü içinde Kuruma bildirilmesi gerekir. Yeterlilik kararı veya uygun güvence bulunmayan durumlarda aktarım, ancak Kanunda sınırlı biçimde sayılan istisnai hâllerden biri varsa gerçekleştirilebilir. Aktarım yapan taraf, seçilen güvence yönteminin kanuni koşullarını ve veri güvenliği yükümlülüklerini aktarım devam ettiği sürece yerine getirmelidir.",Yurt dışına veri aktarımında standart sözleşme ne işe yarar ve Kuruma ne zaman bildirilmelidir?,Standart sözleşme yurt dışına aktarımda güvence oluşturmaz. Taraflar sözleşmeyi Kuruma sunmak yerine özel arşivlerinde tutar.,contradicted,2,,,,,,,,,,,,,,pending,,
legal_stress_0150,devv2_ma_leg_004,legal,"Garanti belgesi, tüketiciye yönelik üretilen, ithal edilen veya satılan belirli mallar bakımından tüketicinin garanti kapsamındaki haklarını gösteren belgedir. Garanti belgesi düzenlenmesi zorunlu ürünler, ilgili Yönetmeliğin ekindeki listede yer alır. Bu ürünleri üreten veya ithal edenler garanti belgesini düzenlemekle yükümlüdür; düzenlenen belgenin tüketiciye verilmesi ise satıcının sorumluluğundadır. Belge kâğıt üzerinde yazılı olarak veya kalıcı veri saklayıcısı aracılığıyla sunulabilir. Tüketici kâğıt belge talep ederse belgenin yazılı olarak verilmesi gerekir. Garanti belgesinin Bakanlık tarafından tek tek onaylanması uygulaması kaldırılmıştır; buna rağmen belge içeriğinin Kanun ve Yönetmeliğe uygun hazırlanması zorunluluğu devam eder. Garanti belgesi, tüketicinin kanundan doğan diğer seçimlik haklarını ortadan kaldıran bir sözleşme değildir. Belgenin teslim edildiğinin ispatı satıcıya aittir ve fatura üzerindeki bilgiler tek başına garanti belgesindeki zorunlu unsurların yerini her durumda tutmaz.","Garanti belgesini kim düzenler, tüketiciye kim verir ve belge hangi biçimlerde sunulabilir?",Garanti belgesini tüketici hazırlar ve satıcı belge tesliminde sorumluluk taşımaz. Kalıcı veri saklayıcısıyla sunulan belgeler geçersiz sayılır.,contradicted,2,,,,,,,,,,,,,,pending,,
legal_stress_0157,devv2_leg_cons_credit,legal,"Tüketici kredisi sözleşmesi, kredi verenin faiz, ücret veya benzeri bir menfaat karşılığında tüketiciye ödeme ertelemesi, ödünç veya başka bir finansman biçimiyle kredi verdiği ya da vermeyi taahhüt ettiği sözleşmedir. Sözleşmenin yazılı veya mesafeli olarak kurulması gerekir; bu şekillerden biri kullanılmadan yapılan sözleşme geçerli sayılmaz. Metin en az on iki punto büyüklüğünde, açık, sade, anlaşılabilir ve okunabilir biçimde hazırlanmalıdır. Bir örneği kâğıt üzerinde veya kalıcı veri saklayıcısıyla tüketiciye verilmelidir. Geçerli sözleşme kurmayan kredi veren, daha sonra geçersizliği tüketicinin aleyhine ileri süremez. Bu kurallar, tüketicinin kredi koşullarını sözleşme kurulurken görebilmesini amaçlar.",Tüketici kredisi sözleşmesi hangi biçimde kurulmalı ve sözleşme metni tüketiciye nasıl verilmelidir?,Tüketici kredisi sözleşmesi sözlü beyanla kurulur. Kredi veren sözleşme metnini tüketiciye vermek yerine kendi arşivinde tutar.,contradicted,,,,,,,,,,,,,,,pending,,
legal_stress_0170,devfs_b2_leg_003,legal,"Ön ödemeli konut satışında tüketici, konut bedelini devir veya teslimden önce peşin ya da taksitle öder; satıcı ise bedelin tamamen veya kısmen ödenmesinden sonra konutu devretmeyi ya da teslim etmeyi üstlenir. Sözleşme kurulmadan en az bir gün önce tüketiciye ön bilgilendirme formu verilmelidir. Yapı ruhsatı alınmadan ön ödemeli konut satış sözleşmesi kurulamaz. Satış, tapu siciline tescille birlikte yazılı sözleşme veya noterlikte düzenlenen satış vaadi sözleşmesi gibi resmî şekillerden biriyle yapılmalıdır. Tüketici sözleşmenin kurulduğu tarihten itibaren on dört gün içinde gerekçe göstermeden ve cezai şart ödemeden cayabilir. Ön ödemeli satışlarda konutun yasal teslim süresi sözleşme tarihinden itibaren kırk sekiz ayı geçemez. Sözleşmenin bir örneğinin tüketiciye verilmesi de satıcının yükümlülükleri arasındadır. Tüketici, imzadan önce projenin teknik ve hukuki belgelerini incelemelidir.",Ön ödemeli konut satışında sözleşme kurulmadan önce ve sonra tüketiciyi koruyan hangi güvenceler vardır?,Ön bilgilendirme konut tesliminden sonra yapılır. Tüketici sözleşme kurulduğu anda cayma yetkisini kaybeder.,contradicted,2,,,,,,,,,,,,,,pending,,
legal_stress_0191,devfs_b4_leg_003,legal,"Yenilenmiş ürün, Bakanlıkça yetkilendirilmiş yenileme merkezleri tarafından yenilenip sertifikalandırıldıktan sonra tüketiciye satılan kullanılmış üründür. Cep telefonu, tablet, akıllı saat, bilgisayar, oyun konsolu ve modem gibi ürünler mevzuat kapsamında yenilenebilir. Yenileme sürecinde gerekli onarım veya parça değişikliği yapılır, önceki kullanıcıya ait kişisel veriler yok edilir, cihaz fabrika ayarlarına döndürülür ve performansı ile işlevleri test edilir. Ürünün ambalajında, etiketinde, reklamında ve ilanında yenilenmiş ürün olduğu açıkça belirtilir. Yenileme merkezinin bilgisi, hologramlı sertifika ve karekod da tüketiciye sunulur. Yenileme yapılmadan ikinci el satılan ürünlerde ise malın mevcut durumunu ve yapılan işlemleri gösteren bilgilendirme etiketi bulunmalıdır. Bu kurallar tüketicinin ürünün geçmişi ve durumu hakkında bilgi sahibi olmasını amaçlar. Bu bilgilendirme, yenilenmiş ürünün sıfır ürünle karıştırılmasını önleyen temel tüketici koruma araçlarından biridir.",Yenilenmiş bir ürün satışa hazırlanırken hangi işlemler yapılmalı ve tüketiciye hangi bilgiler verilmelidir?,Yenileme merkezi önceki kullanıcı verilerini cihazda korur ve yalnız görsel kontrol yapar. Ürün sıfır ürün olarak sertifikasız satışa sunulur.,contradicted,2,,,,,,,,,,,,,,pending,,
legal_stress_0005,devv2_ma_leg_004,legal,"Garanti belgesi, tüketiciye yönelik üretilen, ithal edilen veya satılan belirli mallar bakımından tüketicinin garanti kapsamındaki haklarını gösteren belgedir. Garanti belgesi düzenlenmesi zorunlu ürünler, ilgili Yönetmeliğin ekindeki listede yer alır. Bu ürünleri üreten veya ithal edenler garanti belgesini düzenlemekle yükümlüdür; düzenlenen belgenin tüketiciye verilmesi ise satıcının sorumluluğundadır. Belge kâğıt üzerinde yazılı olarak veya kalıcı veri saklayıcısı aracılığıyla sunulabilir. Tüketici kâğıt belge talep ederse belgenin yazılı olarak verilmesi gerekir. Garanti belgesinin Bakanlık tarafından tek tek onaylanması uygulaması kaldırılmıştır; buna rağmen belge içeriğinin Kanun ve Yönetmeliğe uygun hazırlanması zorunluluğu devam eder. Garanti belgesi, tüketicinin kanundan doğan diğer seçimlik haklarını ortadan kaldıran bir sözleşme değildir. Belgenin teslim edildiğinin ispatı satıcıya aittir ve fatura üzerindeki bilgiler tek başına garanti belgesindeki zorunlu unsurların yerini her durumda tutmaz.","Garanti belgesini kim düzenler, tüketiciye kim verir ve belge hangi biçimlerde sunulabilir?",Garanti belgesinin düzenlenmesinden üretici veya ithalatçı sorumludur. Tüketicinin kâğıt belge talep etmesi hâlinde satıcı bu talebi reddetmek zorundadır.,partially_supported,2,,,,,,,,,,,,,,pending,,
legal_stress_0008,devfs_b3_leg_004,legal,"Devre tatil sözleşmesi, bir yıldan uzun süre için kurulan ve bu süre içinde birden fazla dönem bakımından gecelik konaklama imkânı veren sözleşmeleri kapsar. Satıcı veya sağlayıcı, sözleşme imzalanmadan en az bir gün önce tüketiciye ön bilgilendirme formu vermelidir. Tüketici, sözleşmenin kurulmasından itibaren on dört gün içinde gerekçe göstermeden ve cezai şart ödemeden cayabilir. Cayma süresi dolmadan tüketiciden ödeme alınması veya onu borç altına sokan belge istenmesi yasaktır. Ön ödemeli devre tatil sözleşmelerinde satıcının öngörülen teminat yöntemlerinden en az birini sağlaması gerekir ve devir ya da teslim süresi sözleşme tarihinden itibaren otuz altı ayı geçemez. Cayma hakkının kullanılması, tüketicinin ayrıca bir cayma tazminatı ödemesine bağlı değildir. Ön bilgilendirme formu, tüketicinin sözleşmenin süresi, bedeli ve kullanım koşulları hakkında karar vermesine yardımcı olur.","Devre tatil sözleşmelerinde ön bilgilendirme, cayma ve ön ödemeli satış koşulları nasıl düzenlenmiştir?",Ön bilgilendirme formu sözleşmeden en az bir gün önce verilmelidir. Cayma hakkı yalnız satıcının ayrıca onay vermesiyle kullanılabilir.,partially_supported,2,,,,,,,,,,,,,,pending,,
legal_stress_0059,devv2_leg_kvkk_info,legal,"Kişisel veriler elde edilirken veri sorumlusu veya yetkilendirdiği kişi, ilgili kişiye belirli konularda bilgi vermekle yükümlüdür. Aydınlatmada veri sorumlusunun ve varsa temsilcisinin kimliği, verilerin hangi amaçla işleneceği, kimlere ve hangi amaçla aktarılabileceği, veri toplamanın yöntemi ve hukuki sebebi ile ilgili kişinin kanundaki hakları açıklanmalıdır. Aydınlatma yükümlülüğü, kişiden açık rıza alınmasıyla aynı işlem değildir; veri işleme başka bir hukuki sebebe dayansa da bilgilendirme yapılması gerekir. İnternet sitesinde yalnız yabancı bir veri koruma düzenlemesine genel atıf yapılması, Türkiye’deki kanunun öngördüğü bütün aydınlatma unsurlarının yerine geçmez. Metnin somut veri işleme faaliyetine uygun ve anlaşılır olması gerekir.",Kişisel veriler toplanırken ilgili kişiye hangi bilgiler verilmelidir ve aydınlatma açık rızadan nasıl ayrılır?,Aydınlatma açık rızadan ayrı bir yükümlülüktür. Metinde GDPR adının yer alması diğer aydınlatma unsurlarının yerine geçer.,partially_supported,,,,,,,,,,,,,,,pending,,
legal_stress_0060,devv2_ma_leg_003,legal,"TÜRKPATENT bünyesindeki Yeniden İnceleme ve Değerlendirme Dairesi, sınai mülkiyet haklarıyla ilgili birimlerin nihai kararlarına karşı yapılan itirazları inceler. Karardan menfaati etkilenen taraflar, kararın bildirim tarihinden itibaren iki ay içinde Kurum nezdinde itiraz yoluna başvurabilir. İnceleme; marka, patent, faydalı model, tasarım, coğrafi işaret, geleneksel ürün adı ve entegre devre topoğrafyası gibi farklı hak türlerine ilişkin kararları kapsayabilir. Daire ayrıca ilgili mevzuatın öngördüğü yayıma itiraz ve görüş süreçlerini de değerlendirir. Yeniden İnceleme ve Değerlendirme Kurulunun kararı TÜRKPATENT nezdinde nihai karardır; aynı karar için Kurum içinde yeniden bir itiraz aşaması bulunmaz. Kurulun nihai kararına karşı, kararın bildiriminden itibaren iki ay içinde Ankara Fikrî ve Sınaî Haklar Hukuk Mahkemesinde dava açılması mümkündür. Kurum içi itiraz ile mahkemede dava açılması birbirinden farklı hukuki yollardır. Başvuru süreleri kararın usulüne uygun bildirim tarihinden itibaren işlemeye başlar.",TÜRKPATENT kararına nasıl itiraz edilir ve itiraz sonrasında dava yolu nasıl işler?,Yeniden İnceleme ve Değerlendirme Dairesi itirazları inceler. Kurul kararından sonra Kurum içindeki itirazlar süresiz devam eder.,partially_supported,2,,,,,,,,,,,,,,pending,,
legal_stress_0064,devfs_b1_leg_001,legal,"Tasarım, bir ürünün tümünün veya bir parçasının çizgi, şekil, biçim, renk, malzeme ya da yüzey dokusu gibi özelliklerinden kaynaklanan görünümüdür. Koruma için tasarımın yenilik ve ayırt edici nitelik koşullarını taşıması gerekir. Türk Patent ve Marka Kurumuna başvurularak tescil edilen tasarım beş yıl süreyle korunur; bu süre beşer yıllık yenilemelerle toplam yirmi beş yıla kadar uzatılabilir. İlk kez Türkiye’de kamuya sunulan ve tescil edilmeyen tasarımlar ise şartları varsa üç yıl süreyle tescilsiz tasarım korumasından yararlanabilir. Ürün kavramı, endüstriyel veya elle üretilen nesneleri, birleşik ürünleri, ambalajları, grafik sembolleri ve tipografik karakterleri kapsayabilir. Bilgisayar programları tasarım hukukundaki ürün tanımının dışında bırakılmıştır. Tescil, tasarım sahibine koruma sağlasa da her türlü teknik fikri veya ürünün işlevini tek başına koruma altına almaz; korumanın konusu görünüm özellikleridir.",Tescilli ve tescilsiz tasarım korumasının süreleri ve koruma koşulları nelerdir?,Tescilli tasarımlar beş yıllık dönemlerle yenilenebilir. Tescilsiz tasarımların koruma süresi de yenilemeyle yirmi beş yıla çıkarılabilir.,partially_supported,2,,,,,,,,,,,,,,pending,,
legal_stress_0065,devfs_b3_leg_001,legal,"Çocuk Adalet Merkezi, çocukların taraf olduğu adli süreçlerin yetişkinlere yönelik adliye ortamından ayrılarak çocuk dostu bir yapıda yürütülmesini amaçlayan bir hizmet modelidir. Merkezde çocuk ağır ceza mahkemesi, çocuk mahkemesi, Cumhuriyet başsavcılığının çocuk bürosu ve adli destek birimleri aynı yapı içinde çalışabilir. Böylece çocukla ilgili adli işlemlerde hâkim, savcı, sosyal çalışma görevlisi ve diğer uzmanların eşgüdümü güçlendirilir. Amaç çocuğun yüksek yararını gözetmek, tekrar tekrar farklı birimlere yönlendirilmesini azaltmak ve ikincil örselenme riskini sınırlamaktır. Merkez yalnız suç mağduru çocuklara değil, adli sürece farklı sıfatlarla dâhil olan çocuklara yönelik hizmetleri de koordine edebilir. Çocuk Adalet Merkezi mahkemelerin yerine geçen idari bir kurum değildir; yargısal birimler ile destek hizmetlerini çocuk odaklı bir düzen içinde bir araya getirir.",Çocuk Adalet Merkezi hangi birimleri bir araya getirir ve çocuklar bakımından hangi amacı taşır?,"Merkez çocuk mahkemeleriyle savcılığın çocuk bürosu ve destek birimlerini çocuk dostu bir yapıda buluşturur. Merkez, yetişkin sanık dosyalarını öncelikli görev alanı olarak kabul eder.",partially_supported,2,,,,,,,,,,,,,,pending,,
legal_stress_0077,devfs_b2_leg_005,legal,"Taksitle satış sözleşmesinde satıcı veya sağlayıcı malı teslim etmeyi ya da hizmeti sunmayı, tüketici ise bedeli kısım kısım ödemeyi üstlenir. Sözleşmenin yazılı kurulması ve bir örneğinin kâğıt üzerinde veya kalıcı veri saklayıcısıyla tüketiciye verilmesi zorunludur. Metin en az on iki punto büyüklüğünde, açık, sade ve okunabilir olmalıdır. Tüketici kural olarak yedi gün içinde gerekçe göstermeden ve cezai şart ödemeden cayabilir. Cayma bildirimi süre içinde yazılı olarak veya kalıcı veri saklayıcısıyla satıcıya yöneltilir. Tüketici borcun tamamını ya da vadesi gelmemiş taksitleri erken öderse, faiz veya komisyon alınan işlemlerde gerekli indirim yapılmalıdır. Tüketici işlemi nedeniyle düzenlenen senetler nama yazılı ve her taksit için ayrı olmalıdır. Yazılı şekle uymayan satıcı, sözleşmenin geçersizliğini daha sonra tüketicinin aleyhine kullanamaz.",Taksitle satış sözleşmesi nasıl kurulmalıdır? Cayma ve erken ödeme hâlinde ne olur?,Taksitle satış sözleşmesi yazılı kurulmalıdır. Tüketicinin erken ödeme yapması hâlinde hiçbir faiz indirimi uygulanmaz.,partially_supported,2,,,,,,,,,,,,,,pending,,
legal_stress_0078,devv2_leg_data_breach,legal,"Kişisel verilerin kanuni olmayan yollarla başkaları tarafından elde edilmesi hâlinde veri sorumlusu, durumu en kısa sürede ilgili kişiye ve Kişisel Verileri Koruma Kuruluna bildirmekle yükümlüdür. Kurul, gerekli görürse ihlali kendi internet sitesinde veya uygun gördüğü başka bir yöntemle ilan edebilir. Veri ihlali bildiriminde olayın ne zaman başladığı ve tespit edildiği, ihlalin nasıl gerçekleştiği, etkilenen kişi grupları, veri kategorileri ve tahmini kişi sayısı gibi bilgiler yer alabilir. Bildirim yapılması, ihlalin nedenlerinin ve alınan güvenlik tedbirlerinin ayrıca incelenmesine engel değildir. Kurulun internet sitesindeki ilan, veri sorumlusunun ilgili kişilere bildirim yükümlülüğünü kendiliğinden ortadan kaldırmaz.",Kişisel veri ihlali olduğunda kimlere bildirim yapılır ve bildirimde hangi bilgiler yer alır?,Kurul ihlali internet sitesinde ilan edebilir. Bu ilan veri sorumlusunun ilgili kişilere bildirim yükümlülüğünü kaldırır.,partially_supported,,,,,,,,,,,,,,,pending,,
legal_stress_0082,devv2_ma_leg_005,legal,"Entegre devre topoğrafyası, bir entegre devreyi oluşturan tabakaların üç boyutlu dizilimini gösteren ve üretim amacıyla hazırlanmış görüntüler dizisidir. Koruma, topoğrafyanın tasarlayıcısının kendi fikrî çabası sonucu ortaya çıkması ve tasarım sırasında ilgili çevrede bilinmemesi anlamındaki orijinallik koşuluna bağlıdır. Bilinen elemanlardan oluşan bir düzenleme de bütün olarak ele alındığında özgün bir birleşim oluşturuyorsa korunabilir. Tescil koruması topoğrafyanın kendisine yöneliktir; topoğrafyanın dayandığı içerik, işlem süreci, sistem veya teknik otomatik olarak bu korumanın kapsamına girmez. Hak sahibi, korunan topoğrafyanın izinsiz çoğaltılmasını ve hukuka aykırı biçimde çoğaltılmış topoğrafyayı içeren ürünün ticari ithal, satış veya dağıtımını önleyebilir. Koruma başlangıç tarihinden itibaren on yıl sürer ve hak kural olarak tasarlayıcıya veya onun hukuki haleflerine aittir. Birden fazla tasarlayıcının bulunduğu durumda koruma hakkı, aralarında farklı bir sözleşme yoksa tasarlayıcılar tarafından birlikte kullanılabilir.",Entegre devre topoğrafyası hangi koşullarda korunur ve hak sahibine hangi yetkileri verir?,Bilinen elemanların özgün birleşimi korumadan yararlanabilir. Tescil topoğrafyanın dayandığı teknik süreçleri de koruma kapsamına alır.,partially_supported,2,,,,,,,,,,,,,,pending,,
legal_stress_0095,devfs_b2_leg_001,legal,"Paket tur sözleşmesi; ulaştırma, konaklama ve araç kiralama, rehberlik, gezi, gösteri ya da spor etkinliği gibi başka turizm hizmetlerinden en az ikisinin birlikte sunulduğu bir sözleşmedir. Hizmetlerin her şey dâhil bir fiyatla satılması veya satışının vaat edilmesi ve turun yirmi dört saatten uzun sürmesi ya da gecelik konaklama içermesi gerekir. Yalnız otel rezervasyonu tek bir konaklama hizmetinden oluştuğu için, günübirlik tur ise yirmi dört saatten kısa sürdüğü için tek başına paket tur sayılmaz. Sözleşme kurulmadan önce tüketiciye broşürle bilgi verilmeli ve kurulan sözleşmenin bir örneği kâğıt üzerinde veya kalıcı veri saklayıcısıyla sunulmalıdır. Tur tüketiciden kaynaklanmayan bir nedenle iptal edilir ya da esaslı biçimde değiştirilirse tüketici değişikliği kabul edebilir, alternatif turu seçebilir veya sözleşmeden dönebilir.",Bir hizmet hangi koşullarda paket tur sayılır? Tur iptal edilirse tüketici hangi haklara sahiptir?,Paket tur sözleşmesinde rehberin mesleki bilgileri yer alır. Program değişikliğinde tüketiciye alternatif tur seçeneği sunulur.,partially_supported,2,,,,,,,,,,,,,,pending,,
legal_stress_0103,devv2_ma_leg_002,legal,"Kişinin adı ve soyadıyla arama motorunda yapılan sorgularda belirli sonuçlara ulaşılmamasını istemesi, indeksten çıkarılma talebi olarak değerlendirilebilir. Kişisel Verileri Koruma Kurulu, unutulma hakkını tek ve sınırsız bir silme yetkisi yerine, somut olaya göre farklı araçlarla sağlanabilen bir üst kavram olarak ele alır. Arama motorları, internetteki kişisel verileri sistematik biçimde bulup düzenledikleri ve sonuç listesi olarak sundukları ölçüde veri sorumlusu kabul edilebilir. Bir bağlantının indeksten çıkarılıp çıkarılmayacağı değerlendirilirken bilginin güncelliği, kişi açısından etkisi, kamunun bilgiye erişimdeki yararı ve kişinin kamusal rolü gibi unsurlar birlikte dikkate alınır. İndeksten çıkarma, kaynak internet sayfasındaki içeriğin mutlaka silindiği anlamına gelmez. Başvurular otomatik olarak kabul edilmez; özel hayatın korunması ile ifade ve bilgi edinme özgürlüğü arasında olay bazında denge kurulur. Kişi, talebini önce arama motoruna iletebilir; başvuru yolunun sonucu da somut olayın özellikleri üzerinden değerlendirilir.",Arama sonuçlarının indeksten çıkarılması talepleri hangi ölçütlerle değerlendirilir ve arama motorunun bu süreçteki rolü nedir?,Arama motorları kişisel verileri düzenleyip sunduklarında veri sorumlusu kabul edilebilir. İndeksten çıkarılan bağlantının kaynak internet sayfasındaki içeriği de kendiliğinden tamamen silinir.,partially_supported,2,,,,,,,,,,,,,,pending,,
legal_stress_0126,devfs_b4_leg_004,legal,"Bilgi edinme talebi reddedilen kişi, yargı yoluna başvurmadan önce Bilgi Edinme Değerlendirme Kuruluna itiraz edebilir. İtiraz, ret kararının tebliğinden itibaren on beş gün içinde ve yazılı olarak yapılır. Kurul başvuruyu otuz iş günü içinde karara bağlar. Kuruma yapılan ilk başvuruya kanuni süre içinde olumlu veya olumsuz cevap verilmezse talep belirli sürenin sonunda reddedilmiş sayılabilir; bu durumda da Kurula başvuru yolu açıktır. Kurula yapılan itiraz, idari yargıda dava açma süresini durdurur. Başvuru dilekçesine ilk bilgi edinme başvurusunun örneği ve varsa kurumun cevabı eklenmelidir. Başvuruların usule uygun kanaldan ve gerekli belgelerle yapılması gerekir. Kurul, kamu kurumlarının bilgi edinme hakkı kapsamındaki kararlarını kanunda belirtilen ölçütlere göre inceler. Kurul, ilk talebi ve kurumun cevabını kanundaki bilgi edinme sınırları bakımından birlikte değerlendirir.",Bilgi edinme talebi reddedilen kişi Kurula kaç gün içinde itiraz edebilir? Bu itiraz dava açma süresini nasıl etkiler?,Ret kararına karşı on beş gün içinde yazılı olarak Kurula itiraz edilebilir. İtirazın idari yargıda dava açma süresine hiçbir etkisi yoktur.,partially_supported,2,,,,,,,,,,,,,,pending,,
legal_stress_0131,devfs_b5_leg_005,legal,"Arabuluculuk, bir özel hukuk uyuşmazlığının tarafsız ve uzman bir üçüncü kişinin yardımıyla mahkeme dışında çözülmesini amaçlayan bir yöntemdir. Taraflar sürece eşit haklarla katılır ve arabulucu onlar adına uyuşmazlığın sonucuna karar vermez. Süreçte ileri sürülen beyan ve belgelerin gizli kalması esastır; bu bilgi ve belgeler kural olarak daha sonra mahkeme veya tahkimde delil olarak kullanılamaz. Arabulucu, hukuki sorunun ve tarafların menfaatlerinin belirlenmesine, iletişim ile müzakerenin yürütülmesine yardımcı olur. Taraflar anlaşmaya varırsa hak ve yükümlülükleri gösteren bir anlaşma belgesi düzenlenir. Yetkili ve görevli mahkemenin icra edilebilirlik şerhi verdiği anlaşma belgesi ilam niteliğinde belge hâline gelebilir. Arabuluculuk, tarafların iradesinin yerine arabulucunun tek taraflı kararını koyan bir yargılama değildir. Taraflar çözüm üretme yetkisini kendilerinde tutar ve anlaşmanın içeriğini serbest iradeleriyle belirler.",Arabuluculuk görüşmelerindeki gizlilik nasıl korunur ve anlaşma belgesi ne zaman ilam niteliği kazanır?,Arabuluculukta beyan ve belgelerin gizliliği korunur. Uyuşmazlığın sonucunu arabulucu taraflar adına karara bağlar.,partially_supported,2,,,,,,,,,,,,,,pending,,
legal_stress_0135,legal_a500aeb688296446,legal,"Türkiye Cumhuriyeti Anayasası düşünce ve kanaat hürriyetini 25. maddede, düşünceyi açıklama ve yayma hürriyetini ise 26. maddede düzenler. 25. maddeye göre herkes düşünce ve kanaat hürriyetine sahiptir; kimse bunları açıklamaya zorlanamaz, düşünceleri nedeniyle kınanamaz ve suçlanamaz. 26. madde herkesin düşünce ve kanaatlerini söz, yazı, resim veya başka yollarla tek başına ya da toplu olarak açıklama ve yayma hakkını güvence altına alır. Bu hak, resmî makamların müdahalesi olmadan haber veya fikir alma ve verme serbestliğini de kapsar. Bununla birlikte kullanım; millî güvenlik, kamu düzeni, suçların önlenmesi, başkalarının şöhret ve hakları, özel hayat, meslek sırları veya yargılama görevinin korunması gibi anayasal amaçlarla kanunla sınırlanabilir. Yayma araçlarına ilişkin düzenlemeler, yayımı engellemediği sürece tek başına özgürlüğün ihlali sayılmaz.",Anayasanın 25 ve 26. maddeleri düşünce özgürlüğünün hangi yönlerini düzenler?,26. madde haber ve fikir alma-verme serbestliğini kapsar. Bu özgürlük hiçbir anayasal amaçla sınırlanamaz.,partially_supported,,,,,,,,,,,,,,,pending,,
legal_stress_0143,devfs_b3_leg_005,legal,"Mağdura Yaklaşım Kılavuzu, adli süreçte mağdurlarla temas eden görevlilerin ortak, özenli ve mağdur odaklı bir yaklaşım geliştirmesine yardımcı olmak amacıyla hazırlanmıştır. Kılavuz, mağdurun bireysel özelliklerinin ve kırılganlık durumunun dikkate alınmasını, iletişim sırasında saygılı ve anlaşılır bir dil kullanılmasını ve ikincil örselenmeye yol açabilecek davranışlardan kaçınılmasını vurgular. Çocuklar, yaşlılar, engelliler ve şiddet mağduru kadınlar gibi grupların ihtiyaçları farklı olabileceğinden tek tip yaklaşım yerine duruma uygun tutum önerilir. Kılavuzdan hâkim ve savcıların yanı sıra avukatlar, kolluk görevlileri ve sağlık çalışanları da yararlanabilir. Metin, mağdurun beyanının doğruluğu hakkında hüküm veren bir yargı kararı değildir; mağdurla temas ve hizmet sunumu sırasında uygulanacak mesleki yaklaşım için rehberlik sağlar. Görevlilerin mağduru süreç ve hakları konusunda anlaşılır biçimde bilgilendirmesi, güven ilişkisini güçlendiren temel unsurlardandır.",Mağdura Yaklaşım Kılavuzu kimlere yöneliktir ve hizmet sunumunda hangi ilkeleri öne çıkarır?,Kılavuz mağdurla temas eden farklı meslek gruplarına yöneliktir. Mağdurun kişisel özelliklerinden bağımsız tek tip görüşme yöntemi öngörür.,partially_supported,2,,,,,,,,,,,,,,pending,,
legal_stress_0192,devfs_b6_leg_004,legal,"Haksız Fiyat Değerlendirme Kurulu, olağanüstü durumlarda ve piyasa dengesini bozabilecek hâllerde fahiş fiyat artışı ile stokçuluk uygulamalarını incelemek üzere oluşturulmuş idari bir kuruldur. Kurul, Ticaret Bakanlığı ile ilgili bakanlıkların, meslek kuruluşlarının, üretici ve tüketici örgütlerinin temsilcilerinden oluşur. Denetimlerde işletmenin savunması, fiyatın artış nedenleri, girdi ve tedarik maliyetleri, önceki fiyatlar ve piyasa koşulları değerlendirilebilir. Kurul, mevzuata aykırılık saptandığında idari para cezası uygulanmasına karar verebilir. Her fiyat artışı kendiliğinden fahiş fiyat kabul edilmez; somut olayın koşulları ve maliyet yapısı incelenir. Kurul özel hukuk mahkemesi değildir ve tüketicinin bireysel tazminat talebi hakkında mahkeme kararı vermez. İncelemeler kamu düzeni ve piyasanın sağlıklı işlemesi amacıyla yürütülür. Kurulun değerlendirmesi, denetim bulguları ve ilgili işletmeden alınan bilgi ve belgeler üzerinden yürütülür.",Haksız Fiyat Değerlendirme Kurulu hangi uygulamaları inceler? Her fiyat artışı neden doğrudan ihlal sayılmaz?,Kurul fahiş fiyat artışı ve stokçuluk iddialarını inceler. İşletmenin maliyetleri ile savunması inceleme dışında tutulur.,partially_supported,2,,,,,,,,,,,,,,pending,,
legal_stress_0195,devv2_ma_leg_001,legal,"Veri Sorumluları Sicili, Kişisel Verileri Koruma Kurulunun gözetiminde Başkanlık tarafından kamuya açık olarak tutulan bir kayıt sistemidir. Sicile ilişkin başvuru ve bildirim işlemleri Veri Sorumluları Sicil Bilgi Sistemi, yani VERBİS üzerinden yürütülür. Kayıt yükümlülüğü kapsamındaki veri sorumluları, kişisel veri işlemeye başlamadan önce Sicile kaydolur ve bildirimlerini kişisel veri işleme envanterine dayalı olarak hazırlar. Bildirimde veri işleme amaçları, kişi ve veri kategorileri, alıcı grupları, yurt dışına aktarım, güvenlik tedbirleri ve azami saklama süreleri gibi bilgiler yer alır. Sicile kaydolmak, veri sorumlusunun aydınlatma, veri güvenliği ve ilgili kişi başvurularını yanıtlama gibi diğer yükümlülüklerini ortadan kaldırmaz. Sicildeki bilgiler değiştiğinde değişikliğin mevzuatta belirtilen süre içinde VERBİS üzerinden güncellenmesi gerekir. Sicilin kamuya açıklanan bölümü, veri sorumlusunun işleme faaliyetleri hakkında ilgili kişilerin genel bilgi edinmesine de hizmet eder.","VERBİS kaydı neyi amaçlar, hangi bilgileri içerir ve veri sorumlusunun diğer yükümlülüklerini ortadan kaldırır mı?",Sicil bildirimlerinde veri işleme amaçları ve saklama süreleri gibi bilgiler yer alır. VERBİS kaydı tamamlandığında veri güvenliği ve aydınlatma yükümlülükleri sona erer.,partially_supported,2,,,,,,,,,,,,,,pending,,
legal_stress_0196,devfs_b2_leg_004,legal,"İş yeri dışında kurulan sözleşmeler, tarafların aynı anda fiziksel olarak bulunduğu bir ortamda satıcının iş yeri dışında kurulabileceği gibi, iş yeri dışındaki görüşmenin hemen ardından iş yerinde veya uzaktan iletişim aracıyla da kurulabilir. Satış amacıyla düzenlenen geziler sırasında yapılan sözleşmeler de bu kapsama girebilir. Sözleşme yazılı olarak düzenlenmeli, en az on iki punto büyüklüğünde açık ve okunabilir olmalı ve bir örneği tüketiciye verilmelidir. Tüketici, kural olarak on dört gün içinde gerekçe göstermeden ve cezai şart ödemeden cayabilir. Cayma bildiriminin yazılı olarak veya kısa mesaj ve elektronik posta gibi kalıcı veri saklayıcısıyla doğrudan satıcıya ya da sağlayıcıya yöneltilmesi gerekir; yalnız telefonla bildirim yeterli kabul edilmez. Geçerli sözleşme kurmamış satıcı veya sağlayıcı, sonradan bu geçersizliği tüketicinin aleyhine ileri süremez.",İş yeri dışında kurulan sözleşmeler hangi biçimde hazırlanır ve tüketici cayma hakkını nasıl kullanır?,Sözleşme yazılı ve okunabilir biçimde hazırlanmalıdır. Cayma hakkının kullanılması için yalnız telefonla arama yeterlidir.,partially_supported,2,,,,,,,,,,,,,,pending,,
legal_stress_0199,devv2_ma_leg_006,legal,"Bilgi edinme hakkı, kişilerin kamu kurum ve kuruluşlarının sahip olduğu bilgi ve belgelere kanunda belirlenen usullerle erişebilmesini amaçlar. İçişleri Bakanlığının uygulama yönergesi, 4982 sayılı Bilgi Edinme Hakkı Kanununun merkez teşkilatı, bağlı kuruluşlar, valilikler, kaymakamlıklar ve köyler dışındaki mahalli idarelerde etkili biçimde uygulanmasına ilişkin idari ve teknik işlemleri düzenler. Kurumların başvuruları en geniş, kolay ve etkili şekilde karşılayabilmesi için bilgi edinme birimleri oluşturması, kayıt ve yönlendirme süreçlerini yürütmesi gerekir. Bilgi edinme başvurusu ile dilekçe hakkı aynı hukuki yol değildir; 3071 sayılı Dilekçe Hakkının Kullanılmasına Dair Kanun hükümleri ayrıca korunur. Hak sınırsız değildir ve kanunda özel hayat, devlet sırrı, ticari sır veya soruşturmanın güvenliği gibi istisnalar düzenlenebilir. Kurumlar başvuruyu içeriğine göre değerlendirir ve erişime uygun bilgi ile belgeleri belirlenen süre içinde sunar.",Bilgi edinme hakkının amacı nedir ve dilekçe hakkına ilişkin düzenlemelerle nasıl ilişkilidir?,Yönerge valilik ve kaymakamlık işlemlerini kapsar. Bilgi Edinme Kanunu erişim istisnalarını yürürlükten kaldırır.,partially_supported,2,,,,,,,,,,,,,,pending,,
legal_stress_0200,devfs_b1_leg_002,legal,"Bandrol, fikir ve sanat eserlerinin izinsiz çoğaltılması ve taklit edilmesiyle mücadelede kullanılan holografik ya da dijital bir güvenlik etiketidir. Seri numarası sayesinde yasal nüshanın ve hak sahibinin izlenmesine yardımcı olur. Süreli olmayan yayınlar, kayıt ve tescili yapılmış sinema ve müzik eseri nüshaları ile bilgisayar oyunları zorunlu bandrol uygulamasının temel kapsamındadır. Zorunluluk bulunan nüshalarda bandrol, çoğaltma işlemi tamamlandıktan sonra ve ürün sevk edilmeden önce yapıştırılır. Bandrol eserin içeriğinin doğruluğunu veya sanatsal niteliğini onaylayan bir belge değildir; esas işlevi yasal çoğaltılmış nüshaların takibini kolaylaştırmak ve fikrî hak ihlalleriyle mücadele etmektir. Bazı resmî yayınlar, tanıtım nüshaları veya mevzuatta belirtilen özel durumlar zorunlu uygulamanın dışında kalabilir. Başvuru ve bandrol temin süreçleri eser türüne göre farklı yetkili birimler üzerinden yürütülür.",Bandrol hangi amaçla kullanılır ve zorunlu eser nüshalarına hangi aşamada uygulanır?,Bandrol fikrî hak ihlalleriyle mücadelede kullanılan bir güvenlik etiketidir. Zorunlu eserlerde nüsha çoğaltılmadan önce yapıştırılması gerekir.,partially_supported,2,,,,,,,,,,,,,,pending,,
legal_stress_0017,devv2_ma_leg_007,legal,"Arabuluculuk, bir uyuşmazlığın taraflarının tarafsız ve uzman bir üçüncü kişinin yardımıyla kendi çözümlerini üretmelerine dayanan mahkeme dışı bir uyuşmazlık çözüm yöntemidir. Arabulucu taraflar adına karar vermez, haklı veya haksız olanı belirleyen bir hâkim gibi davranmaz ve taraflara çözümü zorla kabul ettiremez. Taraflar sürece eşit haklarla katılır, görüşmelerini serbestçe yürütür ve anlaşmaya varıp varmama konusunda iradelerini korur. Arabuluculuk kural olarak tarafların üzerinde serbestçe tasarruf edebildiği özel hukuk uyuşmazlıklarında uygulanabilir. İş, ticaret, tüketici, tazminat ve bazı taşınmaz uyuşmazlıklarında mevzuat gereği dava açmadan önce arabulucuya başvuru zorunlu olabilir; ancak başvurunun zorunlu olması anlaşma yapmanın zorunlu olduğu anlamına gelmez. Tarafların üzerinde uzlaştığı koşullar tutanağa bağlanabilir ve gerekli şartlarda icra edilebilirlik kazanabilir. Süreçte gizlilik ve tarafların iradesine saygı temel ilkeler arasında yer alır.",Arabulucunun rolü ve tarafların karar özgürlüğü nasıl tanımlanır?,Arabulucu tarafların çözüm üretmesine yardımcı olur. Taraflar anlaşma yapıp yapmama konusunda kendi iradelerini korur.,supported,2,,,,,,,,,,,,,,pending,,
legal_stress_0019,devfs_b2_leg_002,legal,"Kayıtlı Elektronik Posta sistemi, elektronik iletilerin teknik olarak güvenli ve hukuken delil oluşturabilecek biçimde gönderilmesini sağlayan nitelikli bir elektronik posta hizmetidir. KEP kayıtları, iletinin görünen gönderici tarafından gönderilip gönderilmediğinin, alıcıya ulaşıp ulaşmadığının ve ulaşma zamanının belirlenmesine yardımcı olur. Sistem, iletinin alıcı tarafından okunup okunmadığına ilişkin kayıtlar ile ihtiyaç hâlinde iletiye yeniden erişebilme imkânı da sağlayabilir. KEP üzerinden resmî, özel ve ticari belge veya yazılar gönderilebilir. Hizmetler, Bilgi Teknolojileri ve İletişim Kurumu tarafından yetkilendirilen Kayıtlı Elektronik Posta Hizmet Sağlayıcıları tarafından sunulur. KEP, sıradan elektronik postanın yalnız daha hızlı sürümü değildir; gönderim ve teslim süreçlerine ilişkin hukuki delil üreten güvenli bir iletişim altyapısıdır. Yetkili hizmet sağlayıcıların güncel listesi ve iletişim bilgileri BTK tarafından yayımlanır.",KEP sistemi hangi elektronik kayıtları sağlar ve bu hizmeti kimler sunabilir?,"KEP, iletinin gönderilmesi ve alıcıya ulaşma zamanına ilişkin hukuki delil sağlayabilir. Hizmet yetkilendirilmiş KEP hizmet sağlayıcıları tarafından sunulur.",supported,2,,,,,,,,,,,,,,pending,,
legal_stress_0028,devv2_leg_kvkk_apply,legal,"Kişisel Verilerin Korunması Kanunu kapsamında ilgili kişi, kendisiyle ilgili kişisel verilerin işlenip işlenmediğini öğrenme, işlenmişse bilgi talep etme, eksik veya yanlış verilerin düzeltilmesini isteme ve şartları oluştuğunda verilerin silinmesini veya yok edilmesini talep etme haklarına sahiptir. Ayrıca yapılan düzeltme veya silme işlemlerinin verilerin aktarıldığı üçüncü kişilere bildirilmesini ve hukuka aykırı işleme nedeniyle doğan zararın giderilmesini isteyebilir. Bu hakların kullanılması için kademeli bir yol öngörülür. İlgili kişi öncelikle veri sorumlusuna başvurmalıdır. Bu başvuru yolu tüketilmeden doğrudan Kişisel Verileri Koruma Kuruluna şikâyet edilemez. Genel hükümlere göre tazminat hakkı ise saklıdır.",Kişisel verileriyle ilgili haklarını kullanmak isteyen kişi önce kime başvurmalı ve hangi taleplerde bulunabilir?,İlgili kişi verilerinin düzeltilmesini veya silinmesini isteyebilir. Kurula şikâyetten önce veri sorumlusuna başvurması gerekir.,supported,,,,,,,,,,,,,,,pending,,
legal_stress_0030,devfs_b2_leg_001,legal,"Paket tur sözleşmesi; ulaştırma, konaklama ve araç kiralama, rehberlik, gezi, gösteri ya da spor etkinliği gibi başka turizm hizmetlerinden en az ikisinin birlikte sunulduğu bir sözleşmedir. Hizmetlerin her şey dâhil bir fiyatla satılması veya satışının vaat edilmesi ve turun yirmi dört saatten uzun sürmesi ya da gecelik konaklama içermesi gerekir. Yalnız otel rezervasyonu tek bir konaklama hizmetinden oluştuğu için, günübirlik tur ise yirmi dört saatten kısa sürdüğü için tek başına paket tur sayılmaz. Sözleşme kurulmadan önce tüketiciye broşürle bilgi verilmeli ve kurulan sözleşmenin bir örneği kâğıt üzerinde veya kalıcı veri saklayıcısıyla sunulmalıdır. Tur tüketiciden kaynaklanmayan bir nedenle iptal edilir ya da esaslı biçimde değiştirilirse tüketici değişikliği kabul edebilir, alternatif turu seçebilir veya sözleşmeden dönebilir.",Bir hizmet hangi koşullarda paket tur sayılır? Tur iptal edilirse tüketici hangi haklara sahiptir?,Paket tur en az iki turizm hizmetinin birlikte sunulmasını gerektirir. Tüketiciden kaynaklanmayan iptal hâlinde tüketici sözleşmeden dönmeyi seçebilir.,supported,2,,,,,,,,,,,,,,pending,,
legal_stress_0032,devfs_b4_leg_004,legal,"Bilgi edinme talebi reddedilen kişi, yargı yoluna başvurmadan önce Bilgi Edinme Değerlendirme Kuruluna itiraz edebilir. İtiraz, ret kararının tebliğinden itibaren on beş gün içinde ve yazılı olarak yapılır. Kurul başvuruyu otuz iş günü içinde karara bağlar. Kuruma yapılan ilk başvuruya kanuni süre içinde olumlu veya olumsuz cevap verilmezse talep belirli sürenin sonunda reddedilmiş sayılabilir; bu durumda da Kurula başvuru yolu açıktır. Kurula yapılan itiraz, idari yargıda dava açma süresini durdurur. Başvuru dilekçesine ilk bilgi edinme başvurusunun örneği ve varsa kurumun cevabı eklenmelidir. Başvuruların usule uygun kanaldan ve gerekli belgelerle yapılması gerekir. Kurul, kamu kurumlarının bilgi edinme hakkı kapsamındaki kararlarını kanunda belirtilen ölçütlere göre inceler. Kurul, ilk talebi ve kurumun cevabını kanundaki bilgi edinme sınırları bakımından birlikte değerlendirir.",Bilgi edinme talebi reddedilen kişi Kurula kaç gün içinde itiraz edebilir? Bu itiraz dava açma süresini nasıl etkiler?,"Ret kararına karşı on beş gün içinde yazılı olarak Kurula itiraz edilebilir. İtiraz, idari yargıda dava açma süresini durdurur.",supported,2,,,,,,,,,,,,,,pending,,
legal_stress_0041,devv2_leg_unfair_terms,legal,"Tüketici mevzuatında yazılı düzenlenmesi öngörülen sözleşme ve bilgilendirmelerin en az on iki punto büyüklüğünde, açık, sade, anlaşılabilir ve okunabilir biçimde hazırlanması gerekir. Bunların bir örneği kâğıt veya kısa mesaj, elektronik posta ve benzeri kalıcı veri saklayıcıları üzerinden tüketiciye verilmelidir. Sözleşmede bulunması gereken bir şartın eksik olması her durumda sözleşmeyi geçersiz kılmaz; eksikliğin sözleşmeyi düzenleyen tarafından derhâl giderilmesi gerekir. Satıcı, sağlayıcı veya kredi veren, sözleşme kurulduktan sonra hükümleri tüketicinin aleyhine tek taraflı olarak değiştiremez. Tüketiciyle müzakere edilmeden sözleşmeye konulan ve taraflar arasında önemli dengesizliğe yol açan hükümler haksız şart olarak değerlendirilebilir.",Tüketici sözleşmesindeki bir hüküm hangi durumda haksız şart sayılır ve sözleşme metni nasıl hazırlanmalıdır?,Tüketici sözleşmeleri açık ve okunabilir hazırlanmalı. Sözleşme kurulduktan sonra hükümler tüketici aleyhine tek taraflı değiştirilemez.,supported,,,,,,,,,,,,,,,pending,,
legal_stress_0062,devv2_ma_leg_006,legal,"Bilgi edinme hakkı, kişilerin kamu kurum ve kuruluşlarının sahip olduğu bilgi ve belgelere kanunda belirlenen usullerle erişebilmesini amaçlar. İçişleri Bakanlığının uygulama yönergesi, 4982 sayılı Bilgi Edinme Hakkı Kanununun merkez teşkilatı, bağlı kuruluşlar, valilikler, kaymakamlıklar ve köyler dışındaki mahalli idarelerde etkili biçimde uygulanmasına ilişkin idari ve teknik işlemleri düzenler. Kurumların başvuruları en geniş, kolay ve etkili şekilde karşılayabilmesi için bilgi edinme birimleri oluşturması, kayıt ve yönlendirme süreçlerini yürütmesi gerekir. Bilgi edinme başvurusu ile dilekçe hakkı aynı hukuki yol değildir; 3071 sayılı Dilekçe Hakkının Kullanılmasına Dair Kanun hükümleri ayrıca korunur. Hak sınırsız değildir ve kanunda özel hayat, devlet sırrı, ticari sır veya soruşturmanın güvenliği gibi istisnalar düzenlenebilir. Kurumlar başvuruyu içeriğine göre değerlendirir ve erişime uygun bilgi ile belgeleri belirlenen süre içinde sunar.",Bilgi edinme hakkının amacı nedir ve dilekçe hakkına ilişkin düzenlemelerle nasıl ilişkilidir?,Bilgi edinme düzeni kamu kurumlarındaki bilgi ve belgelere erişimi kolaylaştırmayı amaçlar. Dilekçe hakkına ilişkin kanun ayrıca yürürlükte kalır.,supported,2,,,,,,,,,,,,,,pending,,
legal_stress_0063,legal_a500aeb688296446,legal,"Türkiye Cumhuriyeti Anayasası düşünce ve kanaat hürriyetini 25. maddede, düşünceyi açıklama ve yayma hürriyetini ise 26. maddede düzenler. 25. maddeye göre herkes düşünce ve kanaat hürriyetine sahiptir; kimse bunları açıklamaya zorlanamaz, düşünceleri nedeniyle kınanamaz ve suçlanamaz. 26. madde herkesin düşünce ve kanaatlerini söz, yazı, resim veya başka yollarla tek başına ya da toplu olarak açıklama ve yayma hakkını güvence altına alır. Bu hak, resmî makamların müdahalesi olmadan haber veya fikir alma ve verme serbestliğini de kapsar. Bununla birlikte kullanım; millî güvenlik, kamu düzeni, suçların önlenmesi, başkalarının şöhret ve hakları, özel hayat, meslek sırları veya yargılama görevinin korunması gibi anayasal amaçlarla kanunla sınırlanabilir. Yayma araçlarına ilişkin düzenlemeler, yayımı engellemediği sürece tek başına özgürlüğün ihlali sayılmaz.",Anayasanın 25 ve 26. maddeleri düşünce özgürlüğünün hangi yönlerini düzenler?,"25. madde düşünce ve kanaat hürriyetini, 26. madde ise düşünceleri söz, yazı veya başka yollarla açıklama ve yayma hakkını düzenler.",supported,,,,,,,,,,,,,,,pending,,
legal_stress_0068,devfs_b6_leg_001,legal,"Adli sicil sistemi, kesinleşmiş ceza mahkûmiyetleri ve güvenlik tedbirlerine ilişkin bilgilerin kanuni koşullara göre tutulmasını sağlar. Cezanın veya güvenlik tedbirinin infazı tamamlandığında kayıt, gerekli bildirimlerin merkezî sisteme işlenmesinden sonra adli sicilden çıkarılarak arşiv kaydına alınabilir. Genel af durumunda ilgili kayıtlar resen arşive aktarılır. Fiilin sonradan kanunla suç olmaktan çıkarılması veya yargılamanın yenilenmesi sonucunda beraat kararı verilmesi gibi hâllerde adli sicil ve arşiv kaydının tamamen silinmesi mümkündür. Arşiv bilgilerine herkes sınırsız biçimde erişemez; kişinin kendisi, açık yetkili vekili ve kanunda sayılan merciler belirli amaçlarla bilgi isteyebilir. Kayıtların silinmesi yalnız kişinin sözlü talebiyle otomatik gerçekleşmez; kanundaki şartlar ve yetkili makamların incelemesi uygulanır. Arşive alınma ile kaydın tamamen silinmesi hukuken aynı işlem değildir ve farklı koşullara bağlıdır.",Cezanın infazı tamamlandığında adli sicil kaydı ne olur ve arşiv bilgilerine kimler erişebilir?,İnfaz tamamlanınca kayıt kanuni işlem sonrasında adli sicilden çıkarılıp arşive alınabilir. Arşiv bilgilerine yalnız kanunda yetkilendirilen kişiler ve merciler erişebilir.,supported,2,,,,,,,,,,,,,,pending,,
legal_stress_0087,devfs_b4_leg_001,legal,"Ceza muhakemesinde adli kontrol, tutuklama sebeplerinin bulunduğu bir soruşturmada şüphelinin tutuklanması yerine belirli yükümlülüklere tabi tutulmasına imkân veren bir koruma tedbiridir. Kanunda tutuklama yasağı bulunan durumlarda da adli kontrol hükümleri uygulanabilir. Hâkim, somut olayın özelliklerine göre bir veya birden fazla yükümlülük belirleyebilir. Yurt dışına çıkamamak, belirlenen yerlere belirli sürelerde düzenli olarak başvurmak veya başka kanuni yükümlülüklere uymak bunlar arasındadır. Tedbir, kişinin tamamen serbest bırakılması anlamına gelmediği gibi peşinen cezalandırılması da değildir. Şüpheli veya sanığın yükümlülüklere uyup uymadığı izlenir. Adli kontrolün devamına gerek olup olmadığı soruşturma ve kovuşturma aşamalarında yetkili hâkim ya da mahkeme tarafından kanuni aralıklarla yeniden değerlendirilir. Yükümlülüklere uyulmaması hâlinde hâkim veya mahkeme, kanunda öngörülen sonuçları somut olaya göre değerlendirebilir.",Adli kontrol tutuklamaya nasıl bir alternatif oluşturur ve şüpheliye hangi yükümlülükler getirilebilir?,"Adli kontrol, tutuklama yerine uygulanabilen bir koruma tedbiridir. Şüpheliye yurt dışına çıkmama veya düzenli başvuru gibi yükümlülükler getirilebilir.",supported,2,,,,,,,,,,,,,,pending,,
legal_stress_0088,devfs_b5_leg_005,legal,"Arabuluculuk, bir özel hukuk uyuşmazlığının tarafsız ve uzman bir üçüncü kişinin yardımıyla mahkeme dışında çözülmesini amaçlayan bir yöntemdir. Taraflar sürece eşit haklarla katılır ve arabulucu onlar adına uyuşmazlığın sonucuna karar vermez. Süreçte ileri sürülen beyan ve belgelerin gizli kalması esastır; bu bilgi ve belgeler kural olarak daha sonra mahkeme veya tahkimde delil olarak kullanılamaz. Arabulucu, hukuki sorunun ve tarafların menfaatlerinin belirlenmesine, iletişim ile müzakerenin yürütülmesine yardımcı olur. Taraflar anlaşmaya varırsa hak ve yükümlülükleri gösteren bir anlaşma belgesi düzenlenir. Yetkili ve görevli mahkemenin icra edilebilirlik şerhi verdiği anlaşma belgesi ilam niteliğinde belge hâline gelebilir. Arabuluculuk, tarafların iradesinin yerine arabulucunun tek taraflı kararını koyan bir yargılama değildir. Taraflar çözüm üretme yetkisini kendilerinde tutar ve anlaşmanın içeriğini serbest iradeleriyle belirler.",Arabuluculuk görüşmelerindeki gizlilik nasıl korunur ve anlaşma belgesi ne zaman ilam niteliği kazanır?,Arabuluculukta beyan ve belgelerin gizliliği korunur ve bunlar kural olarak başka yargılamada delil olmaz. Anlaşma belgesi icra edilebilirlik şerhiyle ilam niteliği kazanabilir.,supported,2,,,,,,,,,,,,,,pending,,
legal_stress_0098,devfs_b6_leg_002,legal,"Anayasa Mahkemesine bireysel başvuru, temel hak ihlali iddialarının olağan idari ve yargısal yollar tüketildikten sonra incelendiği ikincil bir hukuk yoludur. Başvurucu, ihlale yol açtığını düşündüğü işlem, eylem veya ihmal için kanunda öngörülen etkili başvuru yollarını süresinde kullanmalıdır. Şikâyetini ve dayandığı bilgi ile delilleri önce yetkili idari veya yargısal mercilere usulüne uygun biçimde sunması gerekir. Olağan yollar tüketilmeden yapılan bireysel başvuru, kural olarak kabul edilemez bulunabilir. Bireysel başvuru, derece mahkemelerinin yerine geçen yeni bir temyiz aşaması değildir. Mahkeme yalnız bir kararın hukuka uygunluğunu genel olarak yeniden değerlendirmez; Anayasa ve ortak koruma alanındaki temel hakların kamu gücü tarafından ihlal edilip edilmediğini inceler. İkincillik ilkesi, temel hak şikâyetinin önce olağan mercilerce giderilmesine fırsat verilmesini sağlar.",Anayasa Mahkemesine bireysel başvuru yapmadan önce hangi yollar tüketilmelidir? Bu başvuru neden yeni bir temyiz aşaması değildir?,Bireysel başvurudan önce kanundaki etkili idari ve yargısal yollar tüketilmelidir. Bu yol derece mahkemelerinin yerine geçen yeni bir temyiz değildir.,supported,2,,,,,,,,,,,,,,pending,,
legal_stress_0111,devfs_b3_leg_003,legal,"Bilirkişilik sisteminde temel ve alt uzmanlık alanları ile bu alanlarda aranacak nitelikler Bilirkişilik Daire Başkanlığı tarafından belirlenir. Bilirkişilik bölge kurulları, kendi yargı çevrelerinde başvuruları değerlendirir, kabul kararlarını verir ve bilirkişi listelerini oluşturur. Başvuru sahibinin uzmanlık alanı, mesleki deneyimi, temel eğitim durumu ve mevzuatta öngörülen diğer şartları taşıyıp taşımadığı incelenir. Başvurular ilan edilen usul ve süre içinde elektronik ortamda, e-Devlet üzerinden UYAP Bilirkişi Portalı kullanılarak yapılabilir. Başvuru yapılmış olması kişinin doğrudan listeye kaydedildiği anlamına gelmez; belgeler ve koşullar bölge kurulu tarafından değerlendirilir. Bilirkişinin görevi hukuki nitelendirme yapmak veya hâkimin yerine karar vermek değil, özel veya teknik bilgi gerektiren konuda görüş sunmaktır. Başvuru ilanları, hangi uzmanlık alanlarında ihtiyaç bulunduğunu ve adaylardan istenecek belgeleri açıklar.",Bilirkişilik başvurularında Daire Başkanlığı ile bölge kurullarının rolleri nelerdir?,Daire Başkanlığı uzmanlık alanlarını ve bu alanlarda aranacak nitelikleri belirler. Bölge kurulları ise başvuruları değerlendirip bilirkişi listelerini oluşturur.,supported,2,,,,,,,,,,,,,,pending,,
legal_stress_0113,devfs_b1_leg_002,legal,"Bandrol, fikir ve sanat eserlerinin izinsiz çoğaltılması ve taklit edilmesiyle mücadelede kullanılan holografik ya da dijital bir güvenlik etiketidir. Seri numarası sayesinde yasal nüshanın ve hak sahibinin izlenmesine yardımcı olur. Süreli olmayan yayınlar, kayıt ve tescili yapılmış sinema ve müzik eseri nüshaları ile bilgisayar oyunları zorunlu bandrol uygulamasının temel kapsamındadır. Zorunluluk bulunan nüshalarda bandrol, çoğaltma işlemi tamamlandıktan sonra ve ürün sevk edilmeden önce yapıştırılır. Bandrol eserin içeriğinin doğruluğunu veya sanatsal niteliğini onaylayan bir belge değildir; esas işlevi yasal çoğaltılmış nüshaların takibini kolaylaştırmak ve fikrî hak ihlalleriyle mücadele etmektir. Bazı resmî yayınlar, tanıtım nüshaları veya mevzuatta belirtilen özel durumlar zorunlu uygulamanın dışında kalabilir. Başvuru ve bandrol temin süreçleri eser türüne göre farklı yetkili birimler üzerinden yürütülür.",Bandrol hangi amaçla kullanılır ve zorunlu eser nüshalarına hangi aşamada uygulanır?,"Bandrol, yasal nüshaların izlenmesine ve izinsiz çoğaltmayla mücadeleye yardımcı olur. Zorunlu eser nüshalarında çoğaltmadan sonra, sevkiyattan önce uygulanır.",supported,2,,,,,,,,,,,,,,pending,,
legal_stress_0132,devfs_b4_leg_005,legal,"Tüketici uyuşmazlıklarında arabuluculuk, tarafların mahkemeye gitmeden tarafsız bir arabulucu yardımıyla çözüm aramasını sağlayan alternatif bir uyuşmazlık çözüm yoludur. Tüketici Hakem Heyetlerinin görev alanına girmeyen ve kanunda dava şartı kapsamına alınan uyuşmazlıklarda, dava açılmadan önce arabulucuya başvurulması gerekir. Arabulucu taraflar adına karar vermez; görüşme ortamını düzenleyerek tarafların kendi iradeleriyle bir anlaşmaya ulaşmasına yardımcı olur. Tarafların anlaşması hâlinde uyuşmazlık yargılamaya gerek kalmadan sona erebilir. Anlaşma sağlanamaması durumunda ise tarafların mahkemeye başvurma hakkı devam eder. Süreç, mahkemelerin iş yükünü azaltmayı ve tüketicilerin uyuşmazlıklarını daha hızlı ve barışçıl biçimde çözmesini amaçlar. Arabuluculuk, Tüketici Hakem Heyetinin yerine geçen genel bir karar makamı değildir. Tarafların görüşmelere katılması ve bulunan çözümü kabul etmesi, sürecin anlaşmayla sonuçlanması için gereklidir.",Tüketici uyuşmazlığında arabulucu ne yapar ve taraflar anlaşamazsa süreç nasıl sonuçlanır?,"Arabulucu taraflar adına karar vermez, anlaşmaya ulaşmalarına yardımcı olur. Anlaşma sağlanamazsa tarafların mahkemeye başvurma hakkı devam eder.",supported,2,,,,,,,,,,,,,,pending,,
legal_stress_0160,devfs_b6_leg_003,legal,"Anayasa Mahkemesine bireysel başvuru, olağan başvuru yollarının tüketildiği tarihten; herhangi bir başvuru yolu öngörülmemişse ihlalin öğrenildiği tarihten itibaren otuz gün içinde yapılmalıdır. Başvurucunun mücbir sebep veya ağır hastalık gibi haklı bir mazeret nedeniyle süresinde başvuru yapamaması hâlinde, mazeretin kalkmasından itibaren on beş gün içinde başvurması ve mazeretini belgeleyen delilleri sunması gerekir. Sürenin başlangıcı, nihai kararın usulüne uygun öğrenilmesi veya tebliğiyle ilişkilidir. Vekille takip edilen işlerde tebligatın vekile yapılması süreyi başlatabilir. Süreyi etkilemeyen olağanüstü veya kapalı bir kanun yoluna başvurmak, bireysel başvuru süresini kendiliğinden durdurmaz. Süre şartı kabul edilebilirlik incelemesinin bir parçasıdır. Süre hesabında kararın hangi tarihte ve hangi yolla öğrenildiğinin belgelenmesi önem taşıyabilir. Başvuru belgelerinin zamanında hazırlanması ve teslim tarihinin kanıtlanması başvurucunun sorumluluğundadır.",Bireysel başvuru için genel süre kaç gündür ve haklı mazeret varsa nasıl hareket edilir?,Bireysel başvuru genel olarak olağan yolların tüketilmesinden itibaren otuz gün içinde yapılır. Haklı mazerette mazeret kalkınca on beş gün içinde belgeli başvuru mümkündür.,supported,2,,,,,,,,,,,,,,pending,,
legal_stress_0168,devv2_ma_leg_002,legal,"Kişinin adı ve soyadıyla arama motorunda yapılan sorgularda belirli sonuçlara ulaşılmamasını istemesi, indeksten çıkarılma talebi olarak değerlendirilebilir. Kişisel Verileri Koruma Kurulu, unutulma hakkını tek ve sınırsız bir silme yetkisi yerine, somut olaya göre farklı araçlarla sağlanabilen bir üst kavram olarak ele alır. Arama motorları, internetteki kişisel verileri sistematik biçimde bulup düzenledikleri ve sonuç listesi olarak sundukları ölçüde veri sorumlusu kabul edilebilir. Bir bağlantının indeksten çıkarılıp çıkarılmayacağı değerlendirilirken bilginin güncelliği, kişi açısından etkisi, kamunun bilgiye erişimdeki yararı ve kişinin kamusal rolü gibi unsurlar birlikte dikkate alınır. İndeksten çıkarma, kaynak internet sayfasındaki içeriğin mutlaka silindiği anlamına gelmez. Başvurular otomatik olarak kabul edilmez; özel hayatın korunması ile ifade ve bilgi edinme özgürlüğü arasında olay bazında denge kurulur. Kişi, talebini önce arama motoruna iletebilir; başvuru yolunun sonucu da somut olayın özellikleri üzerinden değerlendirilir.",Arama sonuçlarının indeksten çıkarılması talepleri hangi ölçütlerle değerlendirilir ve arama motorunun bu süreçteki rolü nedir?,Ad ve soyadla yapılan aramalardaki bazı bağlantılar için indeksten çıkarma talep edilebilir. Kararda kişinin hakları ile kamunun bilgiye erişim yararı somut olayın özelliklerine göre dengelenir.,supported,2,,,,,,,,,,,,,,pending,,
legal_stress_0178,devv2_repair_leg_001,legal,"5395 sayılı Çocuk Koruma Kanunu, korunma ihtiyacı olan veya suça sürüklenen çocuklar için koruyucu ve destekleyici tedbirler öngörür. Tedbirler çocuğun mümkün olduğunca kendi aile ortamında korunmasını sağlamayı amaçlar. Danışmanlık tedbiri, çocuğa ve bakımından sorumlu kişilere eğitim ve gelişim sorunlarının çözümünde rehberlik sunar. Eğitim tedbiri çocuğun uygun bir eğitim kurumuna devamını, meslek veya sanat edinmesini destekleyebilir. Bakım tedbiri, bakım sorumlusunun görevini yerine getiremediği durumlarda çocuğun bakım kuruluşuna veya koruyucu aile hizmetine yönlendirilmesini kapsar. Sağlık tedbiri fiziksel ve ruhsal sağlığın korunması ile tedavi ve rehabilitasyonu içerir. Barınma tedbiri ise yeterli ve sağlıklı barınma yeri bulunmayan çocuklu kişilere veya hayatı tehlikede olan hamile kadınlarla çocuklarına uygun barınma sağlanmasına yöneliktir.",Çocuk Koruma Kanunundaki koruyucu ve destekleyici tedbirler hangi amaçlarla uygulanır?,"Kanun danışmanlık, eğitim, bakım, sağlık ve barınma tedbirleri öngörür. Çocuğun öncelikle aile ortamında korunmasını amaçlar.",supported,2,,,,,,,,,,,,,,pending,,
legal_stress_0179,devv2_ma_leg_009,legal,"Şikâyet, suçtan zarar gören kişinin maruz kaldığı eylemi Cumhuriyet başsavcılığına veya kolluk makamlarına bildirerek olayın araştırılmasını ve failin cezalandırılmasını istemesidir. Şikâyetçi kişinin faili tanıması şart değildir; kimliği bilinmeyen fail hakkında da başvuru yapılabilir. İhbar ise suç oluşturduğu düşünülen bir olayın veya şüphelinin yetkili makamlara bildirilmesidir ve herkes ihbarda bulunabilir. Soruşturulması şikâyete bağlı suçlarda genel şikâyet süresi, kişinin fiili ve faili öğrendiği tarihten itibaren altı aydır; kamu adına takip edilen suçlar bu sınırlamaya tabi değildir. Şikâyete bağlı suçlarda şikâyetten vazgeçme karar verilinceye kadar mümkün olabilir ve ceza sürecini etkileyebilir. Kamu adına takip edilen suçlarda ise vazgeçme soruşturma veya davanın mutlaka sona ermesi sonucunu doğurmaz. Acil ve devam eden olaylarda 112 aranabilir. Başvurunun niteliği yetkili makamın izleyeceği süreci belirler.",Şikâyet ile ihbar arasındaki fark nedir ve şikâyete bağlı suçlarda süre ne zaman başlar?,Şikâyet suçtan zarar görene tanınan bir başvuru yoludur. Şikâyete bağlı suçlarda süre fiil ile failin öğrenilmesinden itibaren altı aydır.,supported,2,,,,,,,,,,,,,,pending,,
legal_stress_0186,devv2_leg_subscription,legal,"Abonelik sözleşmesi, tüketicinin belirli bir mal veya hizmetten sürekli ya da düzenli aralıklarla yararlanmasını sağlayan sözleşmedir. Elektrik, su, doğal gaz, mobil haberleşme, internet, dijital yayın, çevrim içi eğitim, yazılım ve benzeri birçok hizmet abonelik konusu olabilir. Aboneliklere ilişkin temel kurallar Tüketicinin Korunması Hakkında Kanun ile Abonelik Sözleşmeleri Yönetmeliğinde düzenlenir; bazı sektörlerde bunlara ek özel düzenlemeler de bulunabilir. Sözleşmenin kurulması, tüketiciye bilgi verilmesi, değişikliklerin bildirilmesi ve fesih işlemleri ilgili mevzuata uygun yürütülmelidir. Bir hizmetin düzenli ödeme gerektirmesi tek başına bütün sözleşmeleri aynı hukuki rejime sokmaz; hizmetin niteliği ve sektörel kurallar ayrıca değerlendirilir.","Abonelik sözleşmesi hangi hizmetleri kapsayabilir ve kurulma, değişiklik ile fesih süreçleri hangi kurallara tabidir?",Abonelik sözleşmesi sürekli veya düzenli hizmetten yararlanmayı sağlar. Farklı abonelik türlerinde ek sektörel kurallar bulunabilir.,supported,,,,,,,,,,,,,,,pending,,
legal_stress_0001,devfs_b6_leg_002,legal,"Anayasa Mahkemesine bireysel başvuru, temel hak ihlali iddialarının olağan idari ve yargısal yollar tüketildikten sonra incelendiği ikincil bir hukuk yoludur. Başvurucu, ihlale yol açtığını düşündüğü işlem, eylem veya ihmal için kanunda öngörülen etkili başvuru yollarını süresinde kullanmalıdır. Şikâyetini ve dayandığı bilgi ile delilleri önce yetkili idari veya yargısal mercilere usulüne uygun biçimde sunması gerekir. Olağan yollar tüketilmeden yapılan bireysel başvuru, kural olarak kabul edilemez bulunabilir. Bireysel başvuru, derece mahkemelerinin yerine geçen yeni bir temyiz aşaması değildir. Mahkeme yalnız bir kararın hukuka uygunluğunu genel olarak yeniden değerlendirmez; Anayasa ve ortak koruma alanındaki temel hakların kamu gücü tarafından ihlal edilip edilmediğini inceler. İkincillik ilkesi, temel hak şikâyetinin önce olağan mercilerce giderilmesine fırsat verilmesini sağlar.",Anayasa Mahkemesine bireysel başvuru yapmadan önce hangi yollar tüketilmelidir? Bu başvuru neden yeni bir temyiz aşaması değildir?,Bireysel başvuru önceki yargılama giderlerinin iadesini sağlar. Kabul edilen dosyalar duruşmalı olarak incelenir.,unverifiable,2,,,,,,,,,,,,,,pending,,
legal_stress_0020,devfs_b5_leg_003,legal,"Coğrafi işaret ve geleneksel ürün adı denetimi, tescilli adı taşıyan ürünlerin üretim, piyasaya arz, dağıtım veya satış aşamalarında tescilde belirtilen özelliklere uygunluğunun kontrol edilmesini kapsar. Denetim planı, tescilde belirtilen sıklık dikkate alınarak hazırlanır. Denetimi, yeterliliği Türk Patent ve Marka Kurumu tarafından onaylanan ve sicilde kayıtlı denetim mercii yürütür. Denetim merciinin objektif, yetkin ve gerekli personel ile donanıma sahip olması gerekir. Tescilin bültende yayımlandığı tarihten itibaren her yıl denetim raporu ve o yıla ait tutanaklar Kuruma sunulur. Her denetlenen için ayrı tutanak düzenlenir; tutanakta denetlenen özellikler, uygunluk sonucu, varsa uygunsuzluk için alınacak tedbirler ve amblem kullanımına ilişkin bilgiler yer alır. Faaliyet gösterenlerin listesi denetim raporundan önce elektronik sistem üzerinden bildirilir. Denetim kayıtları, tescil belgesindeki üretim yöntemi ve ürün özelliklerinin uygulamada korunup korunmadığının izlenmesini sağlar.",Coğrafi işaret denetimini kim yürütür ve yıllık denetim sonunda hangi belgeler TÜRKPATENT’e sunulur?,Denetim sonucu ürünün satış fiyatına alt sınır getirir. Uygun bulunan üreticiler marka tescili kazanır.,unverifiable,2,,,,,,,,,,,,,,pending,,
legal_stress_0038,devfs_b5_leg_001,legal,"Telif hakları, kişinin fikrî emeğiyle meydana getirdiği eserler üzerinde hukuk düzeninin sağladığı haklardır. Bu hakların doğması için zorunlu bir tescil işlemi gerekmez; koruma, eser meydana getirildiğinde başlar. Eser sahibinin hakları mali ve manevi haklar olarak iki ana grupta düzenlenir. Umuma arz, adın belirtilmesi ve eserde izinsiz değişiklik yapılmasını engelleme yetkileri manevi haklar arasındadır. İşleme, çoğaltma, yayma, temsil ve umuma iletim ise mali haklara örnektir. Eser sahibi veya mirasçıları mali haklarını karşılıklı ya da karşılıksız olarak devredebilir. Mali hakların devrine ilişkin sözleşmenin yazılı olması ve devredilen hakların ayrı ayrı gösterilmesi gerekir. Bir eserin fiziksel nüshasına sahip olmak, kendiliğinden eser üzerindeki bütün telif haklarının kazanıldığı anlamına gelmez. Koruma, eser sahibinin kişisel bağını ve eserden ekonomik yarar sağlama yetkisini birlikte güvence altına almayı amaçlar.",Telif hakkı ne zaman doğar? Eser sahibinin mali ve manevi hakları arasındaki fark nedir?,Eser sahibinin manevi hakları süreli lisansla devredilebilir. Mali hak devri Kurum siciline işlenince geçerli olur.,unverifiable,2,,,,,,,,,,,,,,pending,,
legal_stress_0071,devv2_ma_leg_009,legal,"Şikâyet, suçtan zarar gören kişinin maruz kaldığı eylemi Cumhuriyet başsavcılığına veya kolluk makamlarına bildirerek olayın araştırılmasını ve failin cezalandırılmasını istemesidir. Şikâyetçi kişinin faili tanıması şart değildir; kimliği bilinmeyen fail hakkında da başvuru yapılabilir. İhbar ise suç oluşturduğu düşünülen bir olayın veya şüphelinin yetkili makamlara bildirilmesidir ve herkes ihbarda bulunabilir. Soruşturulması şikâyete bağlı suçlarda genel şikâyet süresi, kişinin fiili ve faili öğrendiği tarihten itibaren altı aydır; kamu adına takip edilen suçlar bu sınırlamaya tabi değildir. Şikâyete bağlı suçlarda şikâyetten vazgeçme karar verilinceye kadar mümkün olabilir ve ceza sürecini etkileyebilir. Kamu adına takip edilen suçlarda ise vazgeçme soruşturma veya davanın mutlaka sona ermesi sonucunu doğurmaz. Acil ve devam eden olaylarda 112 aranabilir. Başvurunun niteliği yetkili makamın izleyeceği süreci belirler.",Şikâyet ile ihbar arasındaki fark nedir ve şikâyete bağlı suçlarda süre ne zaman başlar?,Şikâyet kaydı failin seyahat özgürlüğünü sınırlar. İhbar eden kişi soruşturmada vekil sıfatı kazanır.,unverifiable,2,,,,,,,,,,,,,,pending,,
legal_stress_0073,devv2_ma_leg_003,legal,"TÜRKPATENT bünyesindeki Yeniden İnceleme ve Değerlendirme Dairesi, sınai mülkiyet haklarıyla ilgili birimlerin nihai kararlarına karşı yapılan itirazları inceler. Karardan menfaati etkilenen taraflar, kararın bildirim tarihinden itibaren iki ay içinde Kurum nezdinde itiraz yoluna başvurabilir. İnceleme; marka, patent, faydalı model, tasarım, coğrafi işaret, geleneksel ürün adı ve entegre devre topoğrafyası gibi farklı hak türlerine ilişkin kararları kapsayabilir. Daire ayrıca ilgili mevzuatın öngördüğü yayıma itiraz ve görüş süreçlerini de değerlendirir. Yeniden İnceleme ve Değerlendirme Kurulunun kararı TÜRKPATENT nezdinde nihai karardır; aynı karar için Kurum içinde yeniden bir itiraz aşaması bulunmaz. Kurulun nihai kararına karşı, kararın bildiriminden itibaren iki ay içinde Ankara Fikrî ve Sınaî Haklar Hukuk Mahkemesinde dava açılması mümkündür. Kurum içi itiraz ile mahkemede dava açılması birbirinden farklı hukuki yollardır. Başvuru süreleri kararın usulüne uygun bildirim tarihinden itibaren işlemeye başlar.",TÜRKPATENT kararına nasıl itiraz edilir ve itiraz sonrasında dava yolu nasıl işler?,İtiraz dosyasında bağımsız uzman görüşü alınabilir. Kurul kararı başvuru sahibine elektronik ortamda bildirilir.,unverifiable,2,,,,,,,,,,,,,,pending,,
legal_stress_0074,devfs_b5_leg_005,legal,"Arabuluculuk, bir özel hukuk uyuşmazlığının tarafsız ve uzman bir üçüncü kişinin yardımıyla mahkeme dışında çözülmesini amaçlayan bir yöntemdir. Taraflar sürece eşit haklarla katılır ve arabulucu onlar adına uyuşmazlığın sonucuna karar vermez. Süreçte ileri sürülen beyan ve belgelerin gizli kalması esastır; bu bilgi ve belgeler kural olarak daha sonra mahkeme veya tahkimde delil olarak kullanılamaz. Arabulucu, hukuki sorunun ve tarafların menfaatlerinin belirlenmesine, iletişim ile müzakerenin yürütülmesine yardımcı olur. Taraflar anlaşmaya varırsa hak ve yükümlülükleri gösteren bir anlaşma belgesi düzenlenir. Yetkili ve görevli mahkemenin icra edilebilirlik şerhi verdiği anlaşma belgesi ilam niteliğinde belge hâline gelebilir. Arabuluculuk, tarafların iradesinin yerine arabulucunun tek taraflı kararını koyan bir yargılama değildir. Taraflar çözüm üretme yetkisini kendilerinde tutar ve anlaşmanın içeriğini serbest iradeleriyle belirler.",Arabuluculuk görüşmelerindeki gizlilik nasıl korunur ve anlaşma belgesi ne zaman ilam niteliği kazanır?,Gizlilik kuralı tarafların sonraki ticari ilişkilerini de korur. İcra edilebilirlik şerhi anlaşmayı temyiz incelemesi dışında bırakır.,unverifiable,2,,,,,,,,,,,,,,pending,,
legal_stress_0086,devfs_b5_leg_004,legal,"Faydalı model, belirli bir süre için buluş sahibi veya başvuru sahibine verilen sınai mülkiyet haklarından biridir. Bir başvurunun faydalı model belgesi alabilmesi için buluşun yeni ve sanayiye uygulanabilir olması gerekir. Başvuru; başvuru ve buluş sahibine ilişkin bilgileri içeren dilekçe ile buluşu açıklayan tarifname takımını kapsar. Tarifname takımı, buluşun teknik özelliklerini açıklayan tarifnameyi, korunması istenen unsurları belirleyen istemleri ve gerektiğinde resimleri içerir. Başvuru tarihi, kanunda şekli ve kapsamı belirlenen bu belgelerin Kuruma verildiği tarih esas alınarak belirlenir. Belgenin verilmesi kararı Resmî Patent Bülteninde ilan edilir. Faydalı model sistemi yalnız bir fikir başlığını kaydetmekten ibaret değildir; teknik çözümün yeterli açıklanması ve kanuni koşulların incelenmesi gerekir. Teknik açıklamanın, ilgili alandaki bir uzmanın buluşu uygulayabilmesine imkân verecek ölçüde açık ve yeterli olması beklenir.",Faydalı model belgesi için buluşta hangi özellikler aranır ve başvuru dosyasında hangi teknik belgeler bulunmalıdır?,Başvuru yayımdan önce şekli incelemeye alınır. İstem değişikliği için başvuru sahibine ek süre tanınır.,unverifiable,2,,,,,,,,,,,,,,pending,,
legal_stress_0093,devv2_ma_leg_005,legal,"Entegre devre topoğrafyası, bir entegre devreyi oluşturan tabakaların üç boyutlu dizilimini gösteren ve üretim amacıyla hazırlanmış görüntüler dizisidir. Koruma, topoğrafyanın tasarlayıcısının kendi fikrî çabası sonucu ortaya çıkması ve tasarım sırasında ilgili çevrede bilinmemesi anlamındaki orijinallik koşuluna bağlıdır. Bilinen elemanlardan oluşan bir düzenleme de bütün olarak ele alındığında özgün bir birleşim oluşturuyorsa korunabilir. Tescil koruması topoğrafyanın kendisine yöneliktir; topoğrafyanın dayandığı içerik, işlem süreci, sistem veya teknik otomatik olarak bu korumanın kapsamına girmez. Hak sahibi, korunan topoğrafyanın izinsiz çoğaltılmasını ve hukuka aykırı biçimde çoğaltılmış topoğrafyayı içeren ürünün ticari ithal, satış veya dağıtımını önleyebilir. Koruma başlangıç tarihinden itibaren on yıl sürer ve hak kural olarak tasarlayıcıya veya onun hukuki haleflerine aittir. Birden fazla tasarlayıcının bulunduğu durumda koruma hakkı, aralarında farklı bir sözleşme yoksa tasarlayıcılar tarafından birlikte kullanılabilir.",Entegre devre topoğrafyası hangi koşullarda korunur ve hak sahibine hangi yetkileri verir?,Topoğrafya tescili entegre devrenin performansını doğrular. Hak sahibi üretim tesisine münhasır ruhsat kazanır.,unverifiable,2,,,,,,,,,,,,,,pending,,
legal_stress_0097,devv2_leg_cons_credit,legal,"Tüketici kredisi sözleşmesi, kredi verenin faiz, ücret veya benzeri bir menfaat karşılığında tüketiciye ödeme ertelemesi, ödünç veya başka bir finansman biçimiyle kredi verdiği ya da vermeyi taahhüt ettiği sözleşmedir. Sözleşmenin yazılı veya mesafeli olarak kurulması gerekir; bu şekillerden biri kullanılmadan yapılan sözleşme geçerli sayılmaz. Metin en az on iki punto büyüklüğünde, açık, sade, anlaşılabilir ve okunabilir biçimde hazırlanmalıdır. Bir örneği kâğıt üzerinde veya kalıcı veri saklayıcısıyla tüketiciye verilmelidir. Geçerli sözleşme kurmayan kredi veren, daha sonra geçersizliği tüketicinin aleyhine ileri süremez. Bu kurallar, tüketicinin kredi koşullarını sözleşme kurulurken görebilmesini amaçlar.",Tüketici kredisi sözleşmesi hangi biçimde kurulmalı ve sözleşme metni tüketiciye nasıl verilmelidir?,Sözleşmede kredi notunun hesaplanma yöntemi açıklanır. Tüketici ödeme gününü yılda bir kez değiştirebilir.,unverifiable,,,,,,,,,,,,,,,pending,,
legal_stress_0115,devv2_ma_leg_001,legal,"Veri Sorumluları Sicili, Kişisel Verileri Koruma Kurulunun gözetiminde Başkanlık tarafından kamuya açık olarak tutulan bir kayıt sistemidir. Sicile ilişkin başvuru ve bildirim işlemleri Veri Sorumluları Sicil Bilgi Sistemi, yani VERBİS üzerinden yürütülür. Kayıt yükümlülüğü kapsamındaki veri sorumluları, kişisel veri işlemeye başlamadan önce Sicile kaydolur ve bildirimlerini kişisel veri işleme envanterine dayalı olarak hazırlar. Bildirimde veri işleme amaçları, kişi ve veri kategorileri, alıcı grupları, yurt dışına aktarım, güvenlik tedbirleri ve azami saklama süreleri gibi bilgiler yer alır. Sicile kaydolmak, veri sorumlusunun aydınlatma, veri güvenliği ve ilgili kişi başvurularını yanıtlama gibi diğer yükümlülüklerini ortadan kaldırmaz. Sicildeki bilgiler değiştiğinde değişikliğin mevzuatta belirtilen süre içinde VERBİS üzerinden güncellenmesi gerekir. Sicilin kamuya açıklanan bölümü, veri sorumlusunun işleme faaliyetleri hakkında ilgili kişilerin genel bilgi edinmesine de hizmet eder.","VERBİS kaydı neyi amaçlar, hangi bilgileri içerir ve veri sorumlusunun diğer yükümlülüklerini ortadan kaldırır mı?",VERBİS kaydı veri sorumlusuna uluslararası aktarım izni sağlar. Sicil bilgileri işlenen verilerin doğruluğunu teyit eder.,unverifiable,2,,,,,,,,,,,,,,pending,,
legal_stress_0116,devfs_b3_leg_003,legal,"Bilirkişilik sisteminde temel ve alt uzmanlık alanları ile bu alanlarda aranacak nitelikler Bilirkişilik Daire Başkanlığı tarafından belirlenir. Bilirkişilik bölge kurulları, kendi yargı çevrelerinde başvuruları değerlendirir, kabul kararlarını verir ve bilirkişi listelerini oluşturur. Başvuru sahibinin uzmanlık alanı, mesleki deneyimi, temel eğitim durumu ve mevzuatta öngörülen diğer şartları taşıyıp taşımadığı incelenir. Başvurular ilan edilen usul ve süre içinde elektronik ortamda, e-Devlet üzerinden UYAP Bilirkişi Portalı kullanılarak yapılabilir. Başvuru yapılmış olması kişinin doğrudan listeye kaydedildiği anlamına gelmez; belgeler ve koşullar bölge kurulu tarafından değerlendirilir. Bilirkişinin görevi hukuki nitelendirme yapmak veya hâkimin yerine karar vermek değil, özel veya teknik bilgi gerektiren konuda görüş sunmaktır. Başvuru ilanları, hangi uzmanlık alanlarında ihtiyaç bulunduğunu ve adaylardan istenecek belgeleri açıklar.",Bilirkişilik başvurularında Daire Başkanlığı ile bölge kurullarının rolleri nelerdir?,Bilirkişi listesine alınan kişiler yıllık faaliyet özeti sunar. Yeni uzmanlık alanı talebi elektronik görüşmeyle değerlendirilir.,unverifiable,2,,,,,,,,,,,,,,pending,,
legal_stress_0129,devfs_b1_leg_001,legal,"Tasarım, bir ürünün tümünün veya bir parçasının çizgi, şekil, biçim, renk, malzeme ya da yüzey dokusu gibi özelliklerinden kaynaklanan görünümüdür. Koruma için tasarımın yenilik ve ayırt edici nitelik koşullarını taşıması gerekir. Türk Patent ve Marka Kurumuna başvurularak tescil edilen tasarım beş yıl süreyle korunur; bu süre beşer yıllık yenilemelerle toplam yirmi beş yıla kadar uzatılabilir. İlk kez Türkiye’de kamuya sunulan ve tescil edilmeyen tasarımlar ise şartları varsa üç yıl süreyle tescilsiz tasarım korumasından yararlanabilir. Ürün kavramı, endüstriyel veya elle üretilen nesneleri, birleşik ürünleri, ambalajları, grafik sembolleri ve tipografik karakterleri kapsayabilir. Bilgisayar programları tasarım hukukundaki ürün tanımının dışında bırakılmıştır. Tescil, tasarım sahibine koruma sağlasa da her türlü teknik fikri veya ürünün işlevini tek başına koruma altına almaz; korumanın konusu görünüm özellikleridir.",Tescilli ve tescilsiz tasarım korumasının süreleri ve koruma koşulları nelerdir?,Yenileme başvurusunda tasarımın güncel kullanım örneği sunulur. Tescilsiz tasarımın ilk satış faturası Kuruma yüklenir.,unverifiable,2,,,,,,,,,,,,,,pending,,
legal_stress_0137,devv2_leg_data_breach,legal,"Kişisel verilerin kanuni olmayan yollarla başkaları tarafından elde edilmesi hâlinde veri sorumlusu, durumu en kısa sürede ilgili kişiye ve Kişisel Verileri Koruma Kuruluna bildirmekle yükümlüdür. Kurul, gerekli görürse ihlali kendi internet sitesinde veya uygun gördüğü başka bir yöntemle ilan edebilir. Veri ihlali bildiriminde olayın ne zaman başladığı ve tespit edildiği, ihlalin nasıl gerçekleştiği, etkilenen kişi grupları, veri kategorileri ve tahmini kişi sayısı gibi bilgiler yer alabilir. Bildirim yapılması, ihlalin nedenlerinin ve alınan güvenlik tedbirlerinin ayrıca incelenmesine engel değildir. Kurulun internet sitesindeki ilan, veri sorumlusunun ilgili kişilere bildirim yükümlülüğünü kendiliğinden ortadan kaldırmaz.",Kişisel veri ihlali olduğunda kimlere bildirim yapılır ve bildirimde hangi bilgiler yer alır?,İhlal bildirimi ilgili kişiye yeni bir hesap numarası sağlar. Kurul bildirimin ardından veri sorumlusunun lisans süresini değiştirir.,unverifiable,,,,,,,,,,,,,,,pending,,
legal_stress_0142,devv2_ma_leg_002,legal,"Kişinin adı ve soyadıyla arama motorunda yapılan sorgularda belirli sonuçlara ulaşılmamasını istemesi, indeksten çıkarılma talebi olarak değerlendirilebilir. Kişisel Verileri Koruma Kurulu, unutulma hakkını tek ve sınırsız bir silme yetkisi yerine, somut olaya göre farklı araçlarla sağlanabilen bir üst kavram olarak ele alır. Arama motorları, internetteki kişisel verileri sistematik biçimde bulup düzenledikleri ve sonuç listesi olarak sundukları ölçüde veri sorumlusu kabul edilebilir. Bir bağlantının indeksten çıkarılıp çıkarılmayacağı değerlendirilirken bilginin güncelliği, kişi açısından etkisi, kamunun bilgiye erişimdeki yararı ve kişinin kamusal rolü gibi unsurlar birlikte dikkate alınır. İndeksten çıkarma, kaynak internet sayfasındaki içeriğin mutlaka silindiği anlamına gelmez. Başvurular otomatik olarak kabul edilmez; özel hayatın korunması ile ifade ve bilgi edinme özgürlüğü arasında olay bazında denge kurulur. Kişi, talebini önce arama motoruna iletebilir; başvuru yolunun sonucu da somut olayın özellikleri üzerinden değerlendirilir.",Arama sonuçlarının indeksten çıkarılması talepleri hangi ölçütlerle değerlendirilir ve arama motorunun bu süreçteki rolü nedir?,İndeksten çıkarma kararı kaynak sayfaya erişimi parola ile sınırlar. Arama motoru ilgili kişiye içerik tazminatı öder.,unverifiable,2,,,,,,,,,,,,,,pending,,
legal_stress_0164,devfs_b6_leg_001,legal,"Adli sicil sistemi, kesinleşmiş ceza mahkûmiyetleri ve güvenlik tedbirlerine ilişkin bilgilerin kanuni koşullara göre tutulmasını sağlar. Cezanın veya güvenlik tedbirinin infazı tamamlandığında kayıt, gerekli bildirimlerin merkezî sisteme işlenmesinden sonra adli sicilden çıkarılarak arşiv kaydına alınabilir. Genel af durumunda ilgili kayıtlar resen arşive aktarılır. Fiilin sonradan kanunla suç olmaktan çıkarılması veya yargılamanın yenilenmesi sonucunda beraat kararı verilmesi gibi hâllerde adli sicil ve arşiv kaydının tamamen silinmesi mümkündür. Arşiv bilgilerine herkes sınırsız biçimde erişemez; kişinin kendisi, açık yetkili vekili ve kanunda sayılan merciler belirli amaçlarla bilgi isteyebilir. Kayıtların silinmesi yalnız kişinin sözlü talebiyle otomatik gerçekleşmez; kanundaki şartlar ve yetkili makamların incelemesi uygulanır. Arşive alınma ile kaydın tamamen silinmesi hukuken aynı işlem değildir ve farklı koşullara bağlıdır.",Cezanın infazı tamamlandığında adli sicil kaydı ne olur ve arşiv bilgilerine kimler erişebilir?,Arşiv kaydı kamu görevine atanmayı doğrudan engeller. Arşive alınan kayıt bir süre sonra adli sicile geri döner.,unverifiable,2,,,,,,,,,,,,,,pending,,
legal_stress_0171,devfs_b6_leg_003,legal,"Anayasa Mahkemesine bireysel başvuru, olağan başvuru yollarının tüketildiği tarihten; herhangi bir başvuru yolu öngörülmemişse ihlalin öğrenildiği tarihten itibaren otuz gün içinde yapılmalıdır. Başvurucunun mücbir sebep veya ağır hastalık gibi haklı bir mazeret nedeniyle süresinde başvuru yapamaması hâlinde, mazeretin kalkmasından itibaren on beş gün içinde başvurması ve mazeretini belgeleyen delilleri sunması gerekir. Sürenin başlangıcı, nihai kararın usulüne uygun öğrenilmesi veya tebliğiyle ilişkilidir. Vekille takip edilen işlerde tebligatın vekile yapılması süreyi başlatabilir. Süreyi etkilemeyen olağanüstü veya kapalı bir kanun yoluna başvurmak, bireysel başvuru süresini kendiliğinden durdurmaz. Süre şartı kabul edilebilirlik incelemesinin bir parçasıdır. Süre hesabında kararın hangi tarihte ve hangi yolla öğrenildiğinin belgelenmesi önem taşıyabilir. Başvuru belgelerinin zamanında hazırlanması ve teslim tarihinin kanıtlanması başvurucunun sorumluluğundadır.",Bireysel başvuru için genel süre kaç gündür ve haklı mazeret varsa nasıl hareket edilir?,Bireysel başvuru süresi ihlal türüne göre farklı hesaplanır. Elektronik başvuru kâğıt başvurudan daha uzun süre tanır.,unverifiable,2,,,,,,,,,,,,,,pending,,
legal_stress_0172,devfs_b3_leg_002,legal,"Kişisel verilerin işlenmesini gerektiren sebepler ortadan kalktığında, veri sorumlusu verileri kendiliğinden veya ilgili kişinin talebi üzerine silmek, yok etmek ya da anonim hâle getirmekle yükümlüdür. Silme işleminde veriler ilgili kullanıcılar için erişilemez ve yeniden kullanılamaz hâle getirilir. Yok etme, verilerin hiç kimse tarafından erişilemez ve geri getirilemez biçimde ortadan kaldırılmasıdır. Anonimleştirmede ise veri, başka bilgilerle eşleştirilse bile belirli veya belirlenebilir bir gerçek kişiyle ilişkilendirilemeyecek duruma getirilir. Bu üç yöntem aynı işlem değildir ve veri sorumlusu kullandığı yöntemi teknik ve idari tedbirlerle güvenli biçimde uygulamalıdır. İşleme şartlarının sona ermesi verilerin sınırsız süreyle saklanmasına izin vermez; ancak başka bir mevzuatta saklama yükümlülüğü bulunuyorsa ilgili süre boyunca bu yükümlülük dikkate alınır. Veri sorumlusu uyguladığı yöntemi kayıt altına almalı ve gerektiğinde açıklayabilmelidir.","Kişisel verilerin silinmesi, yok edilmesi ve anonimleştirilmesi hangi yönlerden birbirinden ayrılır?",Silme işleminden sonra veri sorumlusuna teknik doğrulama raporu verilir. Anonimleştirme yöntemi yılda bir bağımsız denetimden geçer.,unverifiable,2,,,,,,,,,,,,,,pending,,
legal_stress_0174,devv2_leg_kvkk_info,legal,"Kişisel veriler elde edilirken veri sorumlusu veya yetkilendirdiği kişi, ilgili kişiye belirli konularda bilgi vermekle yükümlüdür. Aydınlatmada veri sorumlusunun ve varsa temsilcisinin kimliği, verilerin hangi amaçla işleneceği, kimlere ve hangi amaçla aktarılabileceği, veri toplamanın yöntemi ve hukuki sebebi ile ilgili kişinin kanundaki hakları açıklanmalıdır. Aydınlatma yükümlülüğü, kişiden açık rıza alınmasıyla aynı işlem değildir; veri işleme başka bir hukuki sebebe dayansa da bilgilendirme yapılması gerekir. İnternet sitesinde yalnız yabancı bir veri koruma düzenlemesine genel atıf yapılması, Türkiye’deki kanunun öngördüğü bütün aydınlatma unsurlarının yerine geçmez. Metnin somut veri işleme faaliyetine uygun ve anlaşılır olması gerekir.",Kişisel veriler toplanırken ilgili kişiye hangi bilgiler verilmelidir ve aydınlatma açık rızadan nasıl ayrılır?,Aydınlatma metni veri sahibine işleme amacını değiştirme yetkisi verir. Metin veri sorumlusunun ticari sırlarını da açıklar.,unverifiable,,,,,,,,,,,,,,,pending,,
legal_stress_0177,devv2_ma_leg_004,legal,"Garanti belgesi, tüketiciye yönelik üretilen, ithal edilen veya satılan belirli mallar bakımından tüketicinin garanti kapsamındaki haklarını gösteren belgedir. Garanti belgesi düzenlenmesi zorunlu ürünler, ilgili Yönetmeliğin ekindeki listede yer alır. Bu ürünleri üreten veya ithal edenler garanti belgesini düzenlemekle yükümlüdür; düzenlenen belgenin tüketiciye verilmesi ise satıcının sorumluluğundadır. Belge kâğıt üzerinde yazılı olarak veya kalıcı veri saklayıcısı aracılığıyla sunulabilir. Tüketici kâğıt belge talep ederse belgenin yazılı olarak verilmesi gerekir. Garanti belgesinin Bakanlık tarafından tek tek onaylanması uygulaması kaldırılmıştır; buna rağmen belge içeriğinin Kanun ve Yönetmeliğe uygun hazırlanması zorunluluğu devam eder. Garanti belgesi, tüketicinin kanundan doğan diğer seçimlik haklarını ortadan kaldıran bir sözleşme değildir. Belgenin teslim edildiğinin ispatı satıcıya aittir ve fatura üzerindeki bilgiler tek başına garanti belgesindeki zorunlu unsurların yerini her durumda tutmaz.","Garanti belgesini kim düzenler, tüketiciye kim verir ve belge hangi biçimlerde sunulabilir?",Garanti belgesinde ürünün beklenen kullanım ömrü yazılır. Belge tüketiciye ücretsiz yıllık bakım sağlar.,unverifiable,2,,,,,,,,,,,,,,pending,,
legal_stress_0193,devfs_b2_leg_003,legal,"Ön ödemeli konut satışında tüketici, konut bedelini devir veya teslimden önce peşin ya da taksitle öder; satıcı ise bedelin tamamen veya kısmen ödenmesinden sonra konutu devretmeyi ya da teslim etmeyi üstlenir. Sözleşme kurulmadan en az bir gün önce tüketiciye ön bilgilendirme formu verilmelidir. Yapı ruhsatı alınmadan ön ödemeli konut satış sözleşmesi kurulamaz. Satış, tapu siciline tescille birlikte yazılı sözleşme veya noterlikte düzenlenen satış vaadi sözleşmesi gibi resmî şekillerden biriyle yapılmalıdır. Tüketici sözleşmenin kurulduğu tarihten itibaren on dört gün içinde gerekçe göstermeden ve cezai şart ödemeden cayabilir. Ön ödemeli satışlarda konutun yasal teslim süresi sözleşme tarihinden itibaren kırk sekiz ayı geçemez. Sözleşmenin bir örneğinin tüketiciye verilmesi de satıcının yükümlülükleri arasındadır. Tüketici, imzadan önce projenin teknik ve hukuki belgelerini incelemelidir.",Ön ödemeli konut satışında sözleşme kurulmadan önce ve sonra tüketiciyi koruyan hangi güvenceler vardır?,Proje ilerleme oranı tüketici hesabında izlenebilir. Teslim tarihi değişirse yeni ödeme planı hazırlanır.,unverifiable,2,,,,,,,,,,,,,,pending,,
medical_stress_0009,devfs_b2_med_005,medical,"Güvenli hasta transferi, hastanın hastane içinde bir birimden diğerine veya başka bir sağlık kuruluşuna nakledilmesi sırasında bakımın sürekliliğini ve güvenliği korumayı amaçlar. Süreç, transfer kararının verilmesiyle başlar ve hastanın hedef birime güvenli biçimde teslim edilmesiyle tamamlanır. Bu süre boyunca yalnız hastanın klinik durumu değil, transferde kullanılan cihaz ve ekipmanın güvenliği de gözetilir. Hastaya ilişkin gerekli bilgilerin doğru biçimde aktarılması, uygun personel ve araçların belirlenmesi ve olası risklere karşı hazırlık yapılması istenmeyen olayları azaltır. Güvenli transfer yalnız ambulansla yapılan kurumlar arası nakli kapsamaz; hastane içindeki birimler arasında gerçekleştirilen yer değişiklikleri de aynı yaklaşımın içindedir. Temel hedef, yer değişikliği sırasında bakımın kesintiye uğramamasıdır. Transferi teslim alan ekibe klinik bilgilerin doğru ve eksiksiz aktarılması da bu sürekliliğin önemli bir unsurudur.",Güvenli hasta transferi hangi aşamaları kapsar ve transfer sırasında nelere dikkat edilmelidir?,Transfer güvenliği hasta hedef birime ulaştığında başlar. Nakilde kullanılan cihazların kontrolü varış sonrasına bırakılır.,contradicted,2,,,,,,,,,,,,,,pending,,
medical_stress_0021,devv2_ma_med_004,medical,"Akılcı antibiyotik kullanımı, doğru tanıdan sonra uygun antibiyotiğin doğru dozda, uygun aralıklarla ve gerekli süre boyunca kullanılmasını gerektirir. Antibiyotikler bakterilerin neden olduğu enfeksiyonlarda etkili olabilir; grip ve nezle gibi virüs kaynaklı hastalıkları tedavi etmez, doğrudan ağrı kesici veya ateş düşürücü olarak kullanılmaz. Gereksiz, yanlış dozda ya da uygun olmayan süreyle antibiyotik kullanılması bakterilerin direnç geliştirmesine katkıda bulunabilir. Direnç geliştiğinde daha sonra ortaya çıkan enfeksiyonların tedavisi güçleşebilir ve sorun yalnız ilacı kullanan kişiyi değil, dirençli bakterilerin yayılması nedeniyle toplumu da etkileyebilir. Antibiyotik hekimin önerdiği biçimde kullanılmalı, kişi kendisini iyi hissetse bile tedavi önerilen zamandan önce kesilmemelidir. Önceden kalan ilaçların yeni bir hastalıkta hekime danışılmadan kullanılması da uygun değildir. Doz aralıklarına uymamak veya başka bir kişiye yazılmış ilacı kullanmak da akılcı kullanım ilkeleriyle bağdaşmaz.",Antibiyotikler nasıl akılcı kullanılmalıdır ve yanlış kullanım ne gibi sonuçlara yol açabilir?,Antibiyotikler grip ve nezlenin etkenini ortadan kaldırır ve ateşi doğrudan düşürür. Direnç gelişiminin etkisi ilacı kullanan kişiyle sınırlı kalır.,contradicted,2,,,,,,,,,,,,,,pending,,
medical_stress_0030,devv2_ma_med_006,medical,"Hasta kan yönetimi, hastanın kendi kanını korumaya, kan kaybını azaltmaya ve gereksiz kan transfüzyonunu önlemeye odaklanan kanıta dayalı bir yaklaşımdır. Uygulama yalnız kan ürününün verilmesi anına değil, hastanın bütün tedavi sürecine yayılır. Ameliyat öncesinde kansızlığın belirlenmesi ve uygun şekilde tedavi edilmesi, işlem sırasında kan kaybının azaltılması ve hastanın kansızlığa dayanıklılığının desteklenmesi temel bileşenler arasındadır. Transfüzyon kararı yalnız tek bir laboratuvar değerine dayanmaz; hastanın klinik durumu, kanama bulguları, eşlik eden hastalıkları ve tedavinin olası yararları birlikte değerlendirilir. Sağlık Bakanlığının rehberleri kritik kanama, ameliyat dönemi, dahili hastalıklar, yoğun bakım, gebelik-doğum ile yenidoğan ve pediatri gibi farklı klinik alanlar için ayrı modüller içerir. Amaç, gerekli transfüzyonu engellemek değil, doğru hastaya doğru zamanda ve uygun miktarda kan bileşeni verilmesini sağlamaktır. Yaklaşım hasta güvenliğini ve klinik sonuçları birlikte gözetir.",Hasta kan yönetimi neyi amaçlar ve kan kullanımına ilişkin kararlar nasıl verilir?,Hasta kan yönetimi kan kaybını artırmayı amaçlar. Transfüzyon kararında hastanın klinik durumunu dikkate almaz.,contradicted,2,,,,,,,,,,,,,,pending,,
medical_stress_0032,devv2_med_hyp,medical,"Hastalık Yönetim Platformu, aile hekimlerinin kayıtlı kişileri kronik hastalık riskleri ve belirli hastalıklar açısından tarayıp izlemesine yardımcı olan bir uygulamadır. Platform; diyabet, hipertansiyon, obezite, kardiyovasküler risk ve çok yönlü yaşlı değerlendirmesi gibi başlıklarda çalışır. Hekim, kişinin demografik bilgilerini, tarama ve izlem geçmişini, kan basıncı ve kan şekeri gibi ölçümlerini görüntüleyebilir. Sistem, kaydedilen verilere göre klinik kılavuz önerilerini hekime sunar ve tedavi planı, yaşam tarzı değişikliği ve izlem hedeflerinin belirlenmesini destekler. Platformun amacı tanı koymayı otomatikleştirmek değil, birinci basamaktaki tarama ve izlem süreçlerini kanıta dayalı standartlara göre yürütmeye yardımcı olmaktır.",Hastalık Yönetim Platformu aile hekimlerinin hangi tarama ve izlem süreçlerini yürütmesine yardımcı olur?,HYP hastane uzmanlarının taburculuk özetlerini tuttuğu bir sistemdir. Aile hekimlerinin kayıtlı nüfus bilgileri sisteme aktarılmaz.,contradicted,,,,,,,,,,,,,,,pending,,
medical_stress_0060,devv2_ma_med_010,medical,"Antimikrobiyal direnç, mikroorganizmaların ilaçlara karşı duyarlılığını kaybetmesi nedeniyle enfeksiyonların tedavisini güçleştiren çok yönlü bir halk sağlığı sorunudur. Antimikrobiyal Direnç ile Mücadele Ulusal Eylem Planı 2026-2030, insan, hayvan, bitki ve çevre sağlığını birlikte ele alan Tek Sağlık yaklaşımına dayanır. Plan; antimikrobiyallerin akılcı kullanımının yaygınlaştırılmasını, direnç ve tüketim verilerinin izlenmesini, sürveyans sistemlerinin güçlendirilmesini, enfeksiyonların önlenmesi ve kontrolü uygulamalarının geliştirilmesini hedefler. Sağlık çalışanları ile toplumda farkındalığın artırılması, laboratuvar kapasitesinin desteklenmesi, araştırma ve yenilikçi çözümlerin teşvik edilmesi de stratejik alanlar arasındadır. Çalışmalar Sağlık Bakanlığı koordinasyonunda farklı bakanlıklar, akademi ve sivil toplumun katkısıyla yürütülür. Dirençle mücadele yalnız yeni antibiyotik geliştirmeye değil, mevcut ilaçların doğru kullanımına ve çevresel yayılımın azaltılmasına da bağlıdır. Uygulamalar düzenli olarak izlenir ve değerlendirilir.",Ulusal eylem planı antimikrobiyal dirençle hangi yaklaşımla mücadele eder?,Planın temel aracı yeni antibiyotik geliştirmektir. Enfeksiyon kontrolü ve toplumsal farkındalık mücadele bileşeni sayılmaz.,contradicted,2,,,,,,,,,,,,,,pending,,
medical_stress_0067,devfs_b3_med_002,medical,"Doğumdan sonraki ilk dakikalar, yenidoğanın solunum ve dolaşım uyumunun değerlendirilmesi açısından kritik öneme sahiptir. Neonatal Resüsitasyon Programı, doğum sırasında görev alan sağlık çalışanlarının yenidoğana yaklaşımını standartlaştırmak amacıyla 1998 yılından beri yürütülmektedir. Program; riskin fark edilmesi, temel canlandırma basamaklarının doğru sırayla uygulanması ve ekip üyelerinin ortak bir yöntem kullanması için eğitim verir. Hedef kitle yalnız bir uzmanlık dalıyla sınırlı değildir; doğumda yenidoğana temas eden farklı meslek gruplarındaki sağlık personelini kapsar. Eğitimin temel amacı, doğum asfiksisine bağlı ölüm ve kalıcı sorunları azaltmaya katkı sağlamaktır. Program, her bebeğe ileri girişim uygulanmasını değil, gereksinimin hızla değerlendirilmesini ve uygun müdahalenin gecikmeden başlatılmasını esas alır. Uygulamalı eğitimler, ekip üyelerinin görev dağılımını ve temel basamakları aynı sıra içinde yürütmesini destekler.",Neonatal Resüsitasyon Programı kimlere yöneliktir ve programın temel amacı nedir?,Program çocuk cerrahları için hazırlanmıştır. Doğumdan sonraki ilk değerlendirme tedavi tamamlanıncaya kadar ertelenir.,contradicted,2,,,,,,,,,,,,,,pending,,
medical_stress_0069,devfs_b6_med_001,medical,"Yenidoğan Tarama Programı, bebeklerde bazı kalıtsal ve metabolik hastalıkların belirti vermeden önce saptanmasını ve gerekli tedavinin zamanında başlatılmasını amaçlar. Program kapsamında uygun zamanda topuk kanı örneği alınması, numunenin doğru koşullarda hazırlanması, laboratuvara ulaştırılması ve sonuçların aile hekimi ile ilgili sağlık kuruluşuna bildirilmesi gerekir. Tarama sonucu şüpheli olan bebeklerde doğrulama testleri yapılır ve kesin değerlendirme için ilgili uzmanlık merkezine yönlendirme gerçekleştirilir. Tarama, tek başına kesin tanı koymaz; riskli bebekleri erken dönemde belirleyen ilk basamaktır. Numune kalitesinin yetersiz olması durumunda örnek yeniden alınabilir. Erken tanı ve tedavi, hastalığa bağlı kalıcı hasar, hastalık yükü ve ölüm riskinin azaltılmasına katkı sağlar. Programın düzenli izlenmesi, örnek alma ve sevk basamaklarında gecikmelerin belirlenmesine yardımcı olur. Ailelerin bilgilendirilmesi de programın önemli bir parçasıdır.",Yenidoğan taraması neyi amaçlar? Sonuç şüpheli çıktığında veya numune yetersiz olduğunda ne yapılır?,Yenidoğan taraması belirtili çocuklarda tedavi sonrasında uygulanır. Şüpheli sonuçlar takip gerektirmeyen normal varyasyon olarak kaydedilir.,contradicted,2,,,,,,,,,,,,,,pending,,
medical_stress_0071,devfs_b1_med_004,medical,"Ağız kanserleri dil, ağız tabanı, dudak, diş eti ve yumuşak damak gibi ağız içi veya çevresindeki dokularda ortaya çıkabilir. Başlangıç dönemindeki lezyonlar ağrısız olabildiği için kişi değişikliği önemsemeyebilir. Ağızda geçmeyen beyaz ya da kırmızı alanlar, kalınlaşma, tekrarlayan kanama, yutma veya çiğneme güçlüğü, dil ve çene hareketlerinde zorlanma ile uyuşukluk olası belirtiler arasındadır. Hastalık ilerledikçe ağrı ve doku kaybı gelişebilir. Tütün ürünleri ve aşırı alkol kullanımı riski artıran başlıca etkenlerdendir; güneş ışığına uzun süre maruz kalma özellikle dudak bölgesi açısından önem taşır. Düzenli diş hekimi muayenesi, kişinin fark etmekte zorlanabileceği lezyonların erken değerlendirilmesine yardımcı olur. Erken tanı, yayılım ve kalıcı işlev kaybı riskini azaltma açısından önemlidir. Şüpheli değişikliklerde gecikmeden diş hekimine başvurulması önerilir.",Ağız kanserleri erken dönemde nasıl belirti verir ve başlıca risk etkenleri nelerdir?,Ağız kanseri lezyonlarının başlangıç döneminde şiddetli ağrı görülmesi beklenir.,contradicted,1,,,,,,,,,,,,,,pending,,
medical_stress_0075,devfs_b4_med_001,medical,"Burun kanamasında ilk yardımın amacı kanamayı güvenli biçimde kontrol etmek ve kanın boğaza akmasını azaltmaktır. Kişi mümkünse oturtulur, sakin kalması sağlanır ve başı geriye değil öne doğru eğilir. Burun kanatları iki parmakla sıkıştırılarak yaklaşık beş dakika boyunca bası uygulanır. Bu sırada ağızdan nefes alınabilir. Başın geriye atılması, kanın yutulmasına ve mide bulantısına yol açabileceği için önerilmez. Burun içine rastgele pamuk veya başka bir madde yerleştirmek de temel uygulamanın parçası değildir. Kanama basıya rağmen durmazsa, tekrarlıyorsa veya yaralanma sonrasında başlamışsa kişi en yakın sağlık kuruluşuna götürülmelidir. Şiddetli kanama, bilinç değişikliği ya da başka ciddi bulgular varsa acil tıbbi yardım istenir. Temel yaklaşım, kişiyi güvenli pozisyonda tutmak ve kanamanın seyrini kesintisiz izlemektir.",Burun kanamasında ilk yardım nasıl yapılır? Hangi durumda sağlık kuruluşuna başvurmak gerekir?,Kişinin başı geriye yatırılır ve burun kanatları açık bırakılır. Devam eden kanama evde beklenerek izlenir.,contradicted,2,,,,,,,,,,,,,,pending,,
medical_stress_0076,devfs_b2_med_004,medical,"Sağlık kuruluşlarında meydana gelen hasta düşmeleri yaralanma, sakatlık ve ölüm gibi ciddi sonuçlara yol açabilir. Düşmeler ayrıca hastanede yatış süresini uzatabilir, bakımın zamanında alınmasını güçleştirebilir ve sağlık hizmetinin maliyetini artırabilir. Bu nedenle düşme riskinin değerlendirilmesi, bakım kalitesi ve hasta güvenliğinin önemli bir parçasıdır. Sağlık Bakanlığı tarafından yetişkin ve çocuk hastalar için ayrı düşme riski değerlendirme ölçekleri hazırlanarak sağlık kuruluşlarının kullanımına sunulmuştur. Riskli hastaların belirlenmesi, güvenli çevrenin sürdürülmesi, hasta ve yakınlarının bilgilendirilmesi ve gerçekleşen olayların izlenmesi önleme çalışmalarının parçalarıdır. Düşme oranları, sunulan bakımın kalitesine ilişkin göstergelerden biri olarak değerlendirilebilir. Alınacak önlemler bütün düşmeleri kesin olarak ortadan kaldırmasa da riskin ve ikincil yaralanmaların azaltılmasına yardımcı olur. Gerçekleşen düşmelerin izlenmesi ve nedenlerinin incelenmesi, benzer olayları önlemeye yönelik iyileştirmelerin planlanmasını sağlar.",Sağlık kuruluşlarında hastaların düşme riski nasıl değerlendirilir ve düşmeler nasıl önlenir?,Hasta düşmeleri bakım süresini ve maliyeti etkilemez. Sağlık kuruluşlarında düşme riski değerlendirmesine ihtiyaç duyulmaz.,contradicted,2,,,,,,,,,,,,,,pending,,
medical_stress_0084,devfs_b6_med_002,medical,"Kuduz, enfekte memeli hayvanların özellikle ısırmasıyla, ayrıca salyanın bütünlüğü bozulmuş deri veya mukozayla teması sonucunda bulaşabilen ölümcül bir viral hastalıktır. Klinik belirtiler başladıktan sonra etkili bir tedavi imkânı çok sınırlı olduğu için riskli temas sonrasında erken müdahale önem taşır. İlk adım yara yerinin mümkün olan en kısa sürede bol akan su ve sabunla iyice yıkanmasıdır. Yara bakımı virüs geçiş riskini azaltan temel uygulamalardan biridir. Temasa maruz kalan kişi gecikmeden sağlık kuruluşuna başvurmalı ve hekim değerlendirmesine göre planlanan kuduz profilaksisini tam ve zamanında yaptırmalıdır. Aşı veya diğer uygulamaların gerekip gerekmediği, temasın türü ve hayvanın durumu değerlendirilerek belirlenir. Yaranın yalnız kapatılması sağlık değerlendirmesinin yerine geçmez. Temasın zamanı, yeri ve hayvanın gözlenebilir olup olmadığı hekim değerlendirmesinde dikkate alınır.",Kuduz riski taşıyan bir temas sonrasında yara nasıl temizlenmeli ve ne zaman sağlık kuruluşuna başvurulmalıdır?,Kuduz şüpheli yaraya su değdirilmez ve yara yıkanmaz. Temas sonrasında tıbbi değerlendirme yapılması önerilmez.,contradicted,2,,,,,,,,,,,,,,pending,,
medical_stress_0091,devv2_ma_med_001,medical,"Sağlık Bakanlığının emzirme programı, bebeğin doğumdan hemen sonra emzirilmeye başlanmasını destekler. Yaşamın ilk altı ayında bebeğe su dâhil başka bir besin verilmeden yalnız anne sütü önerilir. Altıncı aydan sonra uygun tamamlayıcı besinlere geçilirken emzirmenin iki yaş ve ötesine kadar sürdürülmesi amaçlanır. Anne sütü hem kısa hem uzun vadede anne ve çocuk sağlığını destekler. Bebek Dostu Hastane yaklaşımında anne adayları gebelik döneminden itibaren emzirmenin yararları ve yöntemleri hakkında bilgilendirilir. Doğumdan sonra anne ile bebeğin erken temas kurmasına ve emzirmenin başlamasına yardım edilir. Sağlık personeli, annelere doğru emzirme tekniği ve süt üretiminin sürdürülmesi konusunda destek verir. Program, emzirmeyi yalnızca doğum anındaki bir uygulama olarak değil, izlem ve danışmanlık gerektiren bir süreç olarak ele alır. Bu destek, annenin bebeğinden ayrı kaldığı dönemlerde süt üretimini nasıl sürdürebileceğine ilişkin danışmanlığı da kapsayabilir.",Emzirme döneminde temel beslenme önerileri nelerdir ve sağlık kuruluşları anneleri nasıl destekler?,Emzirmeye doğumdan sonraki ilk hafta tamamlandıktan sonra başlanmalıdır. İlk altı ayda bebeğe düzenli olarak su ve başka besinler verilmesi programın temel kuralıdır.,contradicted,2,,,,,,,,,,,,,,pending,,
medical_stress_0097,devfs_b1_med_005,medical,"Malnütrisyon; enerji, protein veya diğer besin ögelerinin yetersiz alınmasının vücut yapısı, işlevleri ve klinik sonuçlar üzerinde ölçülebilir olumsuz etki oluşturduğu beslenme durumudur. Bu sorun yalnız kilo kaybıyla sınırlı değildir. Yağsız vücut kitlesinin azalması, yara iyileşmesinin gecikmesi, yaşam kalitesinin düşmesi, hastanede kalış süresinin uzaması ve tedavi giderlerinin artmasıyla ilişkili olabilir. Hastaneye yatan kişilerde beslenme yetersizliği başvuru sırasında bulunabileceği gibi hastalık ve tedavi sürecinde de gelişebilir. Nütrisyon destek ekipleri, beslenme riski taşıyan hastaların değerlendirilmesi ve uygun beslenme desteğinin planlanması için oluşturulur. Destek ağızdan beslenmenin düzenlenmesini, tüple beslenmeyi veya gerekli durumlarda damar yoluyla beslenmeyi içerebilir. Amaç, hastanın gereksinimine uygun ve güvenli bir beslenme planı oluşturarak komplikasyon riskini azaltmaktır. İzlem sırasında plan hastanın klinik durumuna göre güncellenebilir.",Malnütrisyonun klinik etkisi ve nütrisyon destek ekibinin işlevi nedir?,"Malnütrisyon, hastanede kalış süresini kısaltan olumlu bir klinik durumdur.",contradicted,1,,,,,,,,,,,,,,pending,,
medical_stress_0109,devfs_b3_med_004,medical,"Akılcı Laboratuvar Kullanımı çalışmaları, laboratuvar testlerinin doğru klinik soruya uygun biçimde istenmesini ve sonuçların standart, anlaşılır raporlarla sunulmasını hedefler. Uygulama kamu, üniversite ve özel sağlık kuruluşlarındaki laboratuvarların yanı sıra genetik tanı merkezlerini de kapsar. Gereksiz test istemlerinin azaltılması, klinisyen ile laboratuvar uzmanı arasındaki iletişimin güçlendirilmesi ve doğru tanıya katkı sağlayacak testlerin seçilmesi temel amaçlar arasındadır. Konsültasyon, test onayı, refleks test uygulamaları ve sonuç raporlarının uyumlaştırılması bu yaklaşımın araçlarındandır. “Bu Test Nerede Yapılıyor?” sistemi de belirli bir testin hangi sağlık kuruluşlarında çalışıldığını bulmayı kolaylaştırır. Akılcı kullanım, bütün testleri azaltmak anlamına gelmez; klinik gereksinime uygun testin doğru zamanda ve doğru yöntemle kullanılmasını amaçlar. Test istemi ve sonuç yorumlama süreçlerinde laboratuvar uzmanından danışmanlık alınması, gereksiz tekrarların önlenmesine de katkı sağlar.",Akılcı Laboratuvar Kullanımının kapsamı ve temel hedefleri nelerdir?,Akılcı laboratuvar kullanımı bütün test istemlerini azaltmayı amaçlar. Klinisyen ile laboratuvar uzmanı arasındaki iletişim bu yaklaşımın parçası değildir.,contradicted,2,,,,,,,,,,,,,,pending,,
medical_stress_0120,devfs_b1_med_002,medical,"Travmatik dental yaralanmalar; düşme, çarpma, spor veya trafik kazası sonrasında dişin kırılması, yer değiştirmesi ya da tamamen yerinden çıkmasıyla sonuçlanabilir. Erken ve doğru müdahale, dişin ağızda tutulma şansını artırır. Kalıcı bir diş köküyle birlikte tamamen çıktıysa dişin kök kısmına dokunulmamalı ve kurumasına izin verilmemelidir. Diş, temiz bir kapta sade süt içinde korunarak mümkün olduğunca hızlı biçimde diş hekimine ulaştırılmalıdır. Bakanlığın bilgilendirmesinde ilk altmış dakika içinde başvurmanın önemi vurgulanır. Dişten bir parça kırılmışsa bulunan parça da kurutulmadan süt içinde saklanabilir ve hekim değerlendirmesine götürülebilir. Travma sonrasında bilinçsiz müdahale yerine hızlı profesyonel değerlendirme gerekir. Spor sırasında ağız koruyucu kullanılması ise travmatik diş yaralanmalarını azaltmaya yönelik koruyucu önlemlerden biridir. Başvurunun gecikmesi, dişin korunma olasılığını azaltabilir.",Travmatik bir diş yaralanmasında dişin veya kırık parçanın korunması ve başvuru süreci nasıl olmalıdır?,Yerinden çıkan diş kuru bir peçeteye sarılır ve kökü ovalanarak temizlenir. Kırılan parça atılır; değerlendirme ağızda kalan diş üzerinden yapılır.,contradicted,2,,,,,,,,,,,,,,pending,,
medical_stress_0121,devfs_b7_med_001,medical,"İnme, beyni besleyen damarların aniden tıkanması veya yırtılıp kanaması sonucunda beyin dokusunda hasar gelişmesidir. Belirtiler çoğunlukla birden başlar. Yüzün bir tarafında düşme, kol veya bacakta güçsüzlük, konuşma bozukluğu, görme kaybı, denge sorunu, şiddetli baş ağrısı ve bilinç değişikliği görülebilir. Bu bulgulardan yalnız birinin bulunması bile acil değerlendirme için yeterlidir. Belirtilerin kendiliğinden düzelmesini beklemek zaman kaybına yol açabilir. İnme şüphesinde vakit kaybetmeden 112 aranmalı ve belirtilerin başladığı saat mümkünse kaydedilmelidir. Erken müdahale, beyin hasarını ve kalıcı işlev kaybını azaltabilir. Yüksek tansiyon, diyabet, sigara, yüksek kolesterol, obezite ve hareketsizlik inme riskini artıran etkenler arasındadır.",İnmenin başlıca belirtileri nelerdir ve bu belirtiler görüldüğünde ne yapılmalıdır?,İnme belirtileri genellikle günler içinde yavaş yavaş ortaya çıkar. Ani konuşma bozukluğunda belirtilerin kendiliğinden geçmesi beklenebilir.,contradicted,2,,,,,,,,,,,,,,pending,,
medical_stress_0172,devfs_b5_med_004,medical,"Okul Çağı Çocuklarda İşitme Tarama Programı, doğumdan sonra gelişebilen işitme kayıplarının erken fark edilmesini ve gerekli tedavinin gecikmeden başlatılmasını amaçlar. Program kapsamında ilkokul birinci sınıf öğrencilerine okul ortamında tarama odyometri cihazıyla işitme testi uygulanır. Tarama, kesin tanı koyan uzman muayenesinin yerine geçmez. Testte işitme kaybı şüphesi bulunan çocuklar kulak burun boğaz uzmanına yönlendirilir ve gerekli takipleri planlanır. İşitme kaybı çocuğun konuşma gelişimini, dikkatini, öğrenmesini ve sosyal işlevlerini etkileyebileceği için erken müdahale önemlidir. Çocuk daha önce yenidoğan işitme taramasından geçmiş olsa bile sonradan enfeksiyon, travma veya genetik nedenlerle işitme sorunu gelişebilir. Ailelerin işitme ve konuşma gelişimini izlemeyi sürdürmesi gerekir. Tarama sonucu normal olsa bile sonradan ortaya çıkan işitme veya konuşma belirtilerinde çocuk yeniden sağlık değerlendirmesine götürülmelidir.",Okul çağı işitme taraması kimlere uygulanır ve şüpheli sonuç çıktığında ne yapılır?,Program üniversite öğrencilerine uygulanır ve testte sesli anket kullanılır. Şüpheli çocuklar rutin sınıf kontrolüne gönderilir.,contradicted,2,,,,,,,,,,,,,,pending,,
medical_stress_0178,devfs_b3_med_001,medical,"Kan güvenliği, kanın bağışçıdan alınmasından hastaya uygulanmasına ve uygulama sonrasındaki izlemlere kadar uzanan bütün süreci kapsar. Süreç; bağışçının işlem öncesinde bilgilendirilmesi, kanın uygun koşullarda alınması, hazırlanması ve test edilmesi, bileşenlerin doğru etiketlenmesi ile stokların izlenmesini içerir. Transfüzyonun eğitimli sağlık personeli tarafından doğru hastaya ve doğru ürünle yapılması hasta güvenliği açısından önemlidir. Kan ve kan bileşenlerine bağlı istenmeyen olayların kaydedilmesi, değerlendirilmesi ve gerektiğinde düzeltici önlem alınması hemovijilans sisteminin parçasıdır. Bu yaklaşım yalnız laboratuvar testlerinden ibaret değildir; bağışçı seçimi, ürünün taşınması, klinik uygulama ve olay bildirimi arasında kesintisiz bir kalite zinciri kurulmasını gerektirir. Düzenli kayıt ve izleme, tekrar eden risklerin belirlenmesine ve uygulamaların geliştirilmesine yardımcı olur. Sürecin her basamağında izlenebilirlik, doğru ürünün doğru hastaya ulaştırılması ve sorumlulukların belirlenmesi için düzenli kayıt tutulur.",Kan güvenliği hangi aşamaları kapsar ve hemovijilansın bu süreçteki işlevi nedir?,Kan güvenliği transfüzyon sonrasındaki laboratuvar testiyle başlar. Hemovijilans stok miktarlarının izlenmesini kapsar.,contradicted,2,,,,,,,,,,,,,,pending,,
medical_stress_0193,devfs_b5_med_005,medical,"Obezite, besinlerle alınan enerjinin harcanan enerjiden uzun süre fazla olması sonucunda vücutta yağ dokusunun artmasıyla ortaya çıkan kronik bir hastalıktır. Fiziksel aktivitenin azalması, enerji yoğun beslenme alışkanlıkları, yaş, genetik özellikler ve çevresel koşullar risk üzerinde etkili olabilir. Obezite kalp-damar hastalıkları, hipertansiyon, diyabet, bazı kanserler, solunum sorunları ve kas-iskelet sistemi hastalıkları için riski artırabilir. Korunmada tek bir kısa süreli diyet yerine sürdürülebilir beslenme düzeni, düzenli fiziksel aktivite, uyku düzeni ve davranış değişikliği önem taşır. Değerlendirme kişinin yaşı, sağlık durumu ve yaşam koşulları dikkate alınarak yapılmalıdır. Tedavide sağlık profesyonellerinin izlemi gerekebilir; yalnız tartıdaki kısa dönem değişim bütün sağlık risklerini tek başına göstermez. Kilo yönetiminde kısa süreli sonuçlardan çok kalıcı yaşam biçimi değişikliklerinin sürdürülmesi ve sağlık risklerinin birlikte izlenmesi hedeflenir.","Obezite nasıl gelişir, hangi hastalıklarla ilişkilidir ve korunmak için nasıl bir yaklaşım gerekir?","Obezite, harcanan enerjinin alınan enerjiden sürekli fazla olmasıyla oluşur. Korunmada hareketsizlik önerilir.",contradicted,2,,,,,,,,,,,,,,pending,,
medical_stress_0194,devv2_ma_med_003,medical,"Bulaştırıcı tüberküloz hastasıyla aynı havayı paylaşan ve tüberküloz basiline maruz kalan kişiler temaslı olarak değerlendirilir. Hastanın aile bireyleri ve diğer temaslıları verem savaşı dispanserlerinde muayene edilir ve gerekli tetkikleri yapılır. Bu incelemenin amacı, aktif hastalığı bulunan kişileri erken belirlemek ve henüz hasta olmayan fakat hastalık geliştirme riski taşıyan kişileri korumaktır. Muayene sonucunda tüberküloz hastalığı saptananlar uygun tedaviye alınır. Aktif hastalığı bulunmayan ancak enfeksiyon veya hastalık gelişme riski taşıyan kişilere koruyucu ilaç tedavisi verilebilir. Koruyucu yaklaşım, enfeksiyonun ilerleyerek hastalığa dönüşme olasılığını azaltmayı hedefler. BCG aşısı özellikle çocuklarda kan yoluyla yayılan ağır tüberküloz biçimleri ve tüberküloz menenjiti açısından koruma sağlar; bütün tüberküloz türlerini ve her yaştaki bulaşı tamamen önleyen bir yöntem olarak tanımlanmaz. Temaslı değerlendirmesi, yalnız belirti sorgulamasından ibaret değildir; gerekli görülen klinik inceleme ve testler birlikte yürütülür.",Tüberküloz hastasıyla temas eden kişiler nasıl değerlendirilir ve koruyucu yaklaşım neyi amaçlar?,"Temaslı incelemesi, belirti ortaya çıktıktan sonra başlatılır. BCG aşısı yetişkinlerde akciğer tüberkülozuna karşı tam koruma sağlar.",contradicted,2,,,,,,,,,,,,,,pending,,
medical_stress_0015,devv2_ma_med_002,medical,"Pulmoner rehabilitasyon, kronik solunum hastalığı bulunan kişilerin nefes darlığını azaltmayı, egzersiz kapasitesini artırmayı ve günlük yaşamlarını daha bağımsız sürdürmelerini amaçlayan kapsamlı bir programdır. Programa kabul öncesinde hastanın solunum işlevleri, egzersiz toleransı, günlük yaşam kısıtlılıkları ve eşlik eden gereksinimleri değerlendirilir. Uygulama yalnızca egzersizden oluşmaz. Bireyselleştirilmiş egzersiz eğitiminin yanında hasta eğitimi, davranış değişikliği, beslenme düzenlemesi ve psikososyal destek gibi bileşenler içerebilir. KOAH başta olmak üzere astım, bronşektazi, interstisyel akciğer hastalıkları, kistik fibrozis ve bazı nöromüsküler hastalıklarda kullanılabilir. Akciğer cerrahisi öncesi veya sonrasında da programa başvurulabilir. Hastanın durumuna ve merkezin imkânlarına göre rehabilitasyon hastanede yatarak, ayaktan izlemle veya ev ortamında yürütülebilir. Programın planı hastanın belirtileri ve işlevsel kapasitesi değiştikçe yeniden değerlendirilebilir; uygulama tek tip bir reçete olarak düşünülmez. Bu nedenle programın içeriği, başlangıç değerlendirmesinden elde edilen bulgulara göre ekip tarafından kişiye özgü biçimde planlanır.",Pulmoner rehabilitasyon kimlere uygulanabilir ve programda hangi bileşenler yer alır?,Program kronik solunum hastasına özgü hazırlanır. Hastalar değişmeyen standart egzersiz programını uygular.,partially_supported,2,,,,,,,,,,,,,,pending,,
medical_stress_0018,devfs_b1_med_001,medical,"Basınç yaraları, uzun süreli basınca bağlı olarak deri veya yumuşak dokuda gelişen yaralanmalardır. Dekübit ülseri, yatak yarası ya da bası yarası olarak da adlandırılabilir. En sık sırt, kuyruk kemiği, kalça, dirsek, topuk ve ayak bileği gibi kemik çıkıntılarının üzerindeki bölgelerde görülür. Tedavi edilmediklerinde ciddi komplikasyonlara yol açabilirler. Buna karşılık risklerin erken fark edilmesi, uygun koruyucu önlemler ve iyi hasta bakımıyla birçok basınç yarasının önlenmesi mümkündür. Sağlık Bakanlığının ulusal hasta güvenliği hedefleri arasında basınç yaralarının önlenmesi de yer alır. Sağlık kuruluşlarında bu amaçla kalite standartları, göstergeler ve kontrol listeleri kullanılır. Yaklaşımın temelinde yalnız oluşan yarayı tedavi etmek değil, riskli hastayı belirleyerek yaralanma ortaya çıkmadan önce korumak vardır. Bu nedenle önleme çalışmaları klinik bakımın yanında kurum düzeyinde izlenen bir hasta güvenliği ve hizmet kalitesi konusu olarak ele alınır.",Basınç yaraları en çok hangi bölgelerde görülür ve oluşmaları nasıl önlenebilir?,"Basınç yaraları sırt, kalça ve topuk gibi kemikli bölgelerde görülebilir. Tedavi edilmediklerinde yalnızca geçici bir kaşıntıya yol açarlar.",partially_supported,2,,,,,,,,,,,,,,pending,,
medical_stress_0020,devv2_repair_med_002,medical,"Kronik böbrek hastalığı çoğu zaman sinsi ilerlediği için erken evrelerde belirgin yakınma oluşturmayabilir. Şeker hastalığı, yüksek tansiyon, kalp-damar hastalığı, ailede böbrek hastalığı bulunması ve ileri yaş başlıca risk grupları arasındadır. Obezite, sigara kullanımı, böbrek taşı, tekrarlayan idrar yolu enfeksiyonları ve sık ağrı kesici kullanımı da riski artırabilir. Özellikle risk grubundaki kişilerin düzenli kontrol yaptırması erken tanı açısından önemlidir. Yeni başlayan hipertansiyon, idrar yapmada güçlük veya yanma, kanlı idrar, geceleri sık idrara çıkma, göz çevresi ya da bacaklarda şişlik, halsizlik, bulantı ve nefes darlığı gibi belirtiler göz ardı edilmemelidir. Korunmada sağlıklı beslenme, uygun sıvı tüketimi, sigaradan kaçınma ve kronik hastalıkların düzenli izlenmesi önem taşır.",Kronik böbrek hastalığı açısından kimler risk grubundadır ve erken tanı için nasıl bir yol izlenir?,Yüksek tansiyon böbrek hastalığı riskini artırır. Kontrol programı belirgin şikâyet başladıktan sonra uygulanır.,partially_supported,2,,,,,,,,,,,,,,pending,,
medical_stress_0073,devfs_b5_med_002,medical,"Çocuklarda demir eksikliği iştahsızlık, halsizlik, çabuk yorulma ve olağan dışı maddeleri yeme isteği gibi belirtilerle başlayabilir. Tedavi edilmediğinde büyüme, dikkat, öğrenme ve enfeksiyonlara karşı direnç olumsuz etkilenebilir. Beslenmede kırmızı et, yumurta, tavuk, balık, kuru baklagiller ve koyu yeşil yapraklı sebzeler gibi demir içeren gıdalara yer verilmesi önerilir. Bu gıdaların turunçgiller ve başka C vitamini kaynaklarıyla birlikte tüketilmesi demir emilimini artırabilir. Çay, kahve, aşırı süt ve yüksek miktarda kalsiyum ise emilimi azaltabilir. Demir içeren gıdalarla süt ve yoğurt gibi kalsiyum kaynaklarının aynı öğünde verilmemesi yararlı olabilir. Çocuğun beslenme düzeni yaşına ve klinik durumuna göre sağlık uzmanıyla birlikte değerlendirilmelidir. Demir eksikliği şüphesinde beslenme düzeninin yanı sıra hekim değerlendirmesi ve gerekli görüldüğünde uygun tedavi de planlanmalıdır.","Çocuklarda demir eksikliğini önlemek için hangi gıdalar tercih edilmeli, hangi alışkanlıklar sınırlandırılmalıdır?",Demir içeren et ve baklagillerin C vitamini kaynaklarıyla tüketilmesi emilimi destekleyebilir. Çay ve kahve demir emilimini artırdığı için öğünlere eklenmelidir.,partially_supported,2,,,,,,,,,,,,,,pending,,
medical_stress_0078,devv2_repair_med_001,medical,"Sağlıklı Hayat Merkezleri, bireyleri ve toplumu sağlık risklerinden korumak, sağlıklı yaşam alışkanlıklarını teşvik etmek ve birinci basamak hizmetlere erişimi kolaylaştırmak amacıyla toplum sağlığı merkezlerine bağlı olarak çalışır. Merkezlerde beslenme, kronik hastalıklar ve fiziksel aktivite, kadın ve üreme sağlığı, kanser taraması, ruh sağlığı, çocuk ve ergen sağlığı, tütün ve madde bağımlılığı, enfeksiyon kontrolü ile koruyucu ağız ve diş sağlığı alanlarında danışmanlık sunulabilir. Hizmetler bütün vatandaşlara ücretsizdir. Kişiler merkeze doğrudan başvurabilir veya aile hekimi tarafından yönlendirilebilir. Bu yapıların amacı hastanelerin yerine geçmek değil, koruyucu sağlık hizmetlerini güçlendirmek ve aile hekimliği hizmetlerini desteklemektir. Merkezler yalnız hastalık ortaya çıktıktan sonra tedavi veren birimler olarak tasarlanmamıştır; risklerin erken fark edilmesi ve sağlığın korunması da temel işlevlerindendir.",Sağlıklı Hayat Merkezleri hangi hizmetleri sunar ve bu merkezlere nasıl başvurulur?,Merkezlerde beslenme ve kronik hastalık danışmanlığı verilir. Hizmete kabul için hastane sevk belgesi sunulması gerekir.,partially_supported,2,,,,,,,,,,,,,,pending,,
medical_stress_0081,devv2_ma_med_010,medical,"Antimikrobiyal direnç, mikroorganizmaların ilaçlara karşı duyarlılığını kaybetmesi nedeniyle enfeksiyonların tedavisini güçleştiren çok yönlü bir halk sağlığı sorunudur. Antimikrobiyal Direnç ile Mücadele Ulusal Eylem Planı 2026-2030, insan, hayvan, bitki ve çevre sağlığını birlikte ele alan Tek Sağlık yaklaşımına dayanır. Plan; antimikrobiyallerin akılcı kullanımının yaygınlaştırılmasını, direnç ve tüketim verilerinin izlenmesini, sürveyans sistemlerinin güçlendirilmesini, enfeksiyonların önlenmesi ve kontrolü uygulamalarının geliştirilmesini hedefler. Sağlık çalışanları ile toplumda farkındalığın artırılması, laboratuvar kapasitesinin desteklenmesi, araştırma ve yenilikçi çözümlerin teşvik edilmesi de stratejik alanlar arasındadır. Çalışmalar Sağlık Bakanlığı koordinasyonunda farklı bakanlıklar, akademi ve sivil toplumun katkısıyla yürütülür. Dirençle mücadele yalnız yeni antibiyotik geliştirmeye değil, mevcut ilaçların doğru kullanımına ve çevresel yayılımın azaltılmasına da bağlıdır. Uygulamalar düzenli olarak izlenir ve değerlendirilir.",Ulusal eylem planı antimikrobiyal dirençle hangi yaklaşımla mücadele eder?,Plan antimikrobiyal tüketimin izlenmesini amaçlar. Hayvan ve çevre sağlığı mücadele kapsamına alınmaz.,partially_supported,2,,,,,,,,,,,,,,pending,,
medical_stress_0083,devfs_b4_med_004,medical,"Vertigo, kişinin kendisinin ya da çevresinin dönüyormuş gibi algılanmasıdır ve tek başına bir hastalık değil, farklı nedenlerle oluşabilen bir belirtidir. Benign paroksismal pozisyonel vertigoda iç kulaktaki küçük kalsiyum parçacıkları normal konumlarından ayrılarak denge kanallarının başka bir bölümüne geçer. Şikâyet çoğu zaman yataktan kalkma veya başı çevirme gibi hareketlerle aniden başlar, yoğun olabilir ve saniyeler ya da dakikalar içinde azalır. Bu tabloda işitme kaybı veya kulak çınlaması beklenen temel bulgular değildir. Tanıda baş ve gövdeye belirli pozisyonlar verilen muayene manevraları kullanılır. Tedavide parçacıkları normal konumuna yönlendiren repozisyon manevraları uygulanabilir; bazı hastalarda manevranın tekrarlanması gerekebilir. Manevralar sağlık değerlendirmesi sonrasında uygulanır ve baş dönmesinin diğer nedenleri ayırıcı tanıda göz önünde tutulur. Bu değerlendirme, gereksiz ilaç kullanımının önlenmesine de yardımcı olur.","Pozisyonel vertigo neden oluşur, hangi belirtileri gösterir ve nasıl tedavi edilir?",Pozisyonel vertigo baş hareketleriyle kısa süren ataklar oluşturabilir. Hastalığın temel tedavisi uzun süreli antibiyotik kullanımıdır.,partially_supported,2,,,,,,,,,,,,,,pending,,
medical_stress_0092,devfs_b1_med_005,medical,"Malnütrisyon; enerji, protein veya diğer besin ögelerinin yetersiz alınmasının vücut yapısı, işlevleri ve klinik sonuçlar üzerinde ölçülebilir olumsuz etki oluşturduğu beslenme durumudur. Bu sorun yalnız kilo kaybıyla sınırlı değildir. Yağsız vücut kitlesinin azalması, yara iyileşmesinin gecikmesi, yaşam kalitesinin düşmesi, hastanede kalış süresinin uzaması ve tedavi giderlerinin artmasıyla ilişkili olabilir. Hastaneye yatan kişilerde beslenme yetersizliği başvuru sırasında bulunabileceği gibi hastalık ve tedavi sürecinde de gelişebilir. Nütrisyon destek ekipleri, beslenme riski taşıyan hastaların değerlendirilmesi ve uygun beslenme desteğinin planlanması için oluşturulur. Destek ağızdan beslenmenin düzenlenmesini, tüple beslenmeyi veya gerekli durumlarda damar yoluyla beslenmeyi içerebilir. Amaç, hastanın gereksinimine uygun ve güvenli bir beslenme planı oluşturarak komplikasyon riskini azaltmaktır. İzlem sırasında plan hastanın klinik durumuna göre güncellenebilir.",Malnütrisyonun klinik etkisi ve nütrisyon destek ekibinin işlevi nedir?,Nütrisyon destek ekibi hastanın beslenme gereksinimini değerlendirir. Hizmetini ağızdan normal beslenebilen kişilerle sınırlar.,partially_supported,2,,,,,,,,,,,,,,pending,,
medical_stress_0099,devfs_b5_med_003,medical,"Koruyucu ağız ve diş sağlığı hizmetleri, diş çürüğü ve diş eti hastalıkları ortaya çıkmadan önce riskleri azaltmayı ve çocuklarda düzenli bakım alışkanlığı geliştirmeyi amaçlar. Okul temelli programlarda öğrencilerin ağız ve diş muayeneleri yapılabilir, florürlü vernik uygulanabilir ve doğru diş fırçalama konusunda eğitim verilebilir. Florürlü vernik diş minesinin çürüğe karşı direncini artırmaya ve başlangıç düzeyindeki çürük sürecini yavaşlatmaya yardımcı olur. Uygulama tek başına yeterli kabul edilmez; düzenli fırçalama, uygun diş macunu kullanımı, şekerli gıdaların sık tüketilmemesi ve diş hekimi kontrolleri de korunmanın parçalarıdır. Programlarda öğrenci, öğretmen ve velilerin bilgilendirilmesi hedeflenir. Muayenede tedavi gerektiren bir sorun saptanırsa çocuk uygun ağız ve diş sağlığı kuruluşuna yönlendirilir. Koruyucu hizmetler, muayenede saptanan mevcut diş sorunlarının gerekli tedavisiyle birlikte bütüncül biçimde planlanır.",Okul temelli ağız ve diş sağlığı programlarında hangi uygulamalar yapılır? Florürlü vernik ne işe yarar?,"Programlarda ağız-diş muayenesi, eğitim ve florürlü vernik uygulaması yapılabilir. Vernik uygulandıktan sonra diş fırçalamaya ve kontrole gerek kalmaz.",partially_supported,2,,,,,,,,,,,,,,pending,,
medical_stress_0108,devfs_b7_med_003,medical,"Çocuklarda ishal, çocuğun olağan bağırsak düzenine göre dışkının daha sık ve daha sulu hâle gelmesidir. En önemli risk, kusma ve dışkılama yoluyla su ile mineral kaybıdır. Çocuğun normal beslenmesine mümkün olduğunca devam edilmeli, anne sütü alan bebek daha sık emzirilmelidir. Sıvılar küçük miktarlarda ve sık aralıklarla verilmelidir; kısa sürede fazla miktarda içirmek kusmayı artırabilir. Oral rehidrasyon sıvısı, kaybedilen su ve tuzların yerine konmasına yardımcı olur ve tarif edildiği miktarda temiz suyla hazırlanmalıdır. Kanlı dışkı, sürekli kusma, beslenememe, belirgin halsizlik, ağız kuruluğu, idrar azalması veya başka sıvı kaybı belirtileri bulunan çocuk sağlık kuruluşunda değerlendirilmelidir. İshali durdurmak amacıyla hekime danışmadan ilaç verilmemelidir.",İshalli bir çocukta sıvı ve beslenme desteği nasıl sürdürülür? Hangi belirtilerde sağlık kuruluşuna başvurulmalıdır?,İshalli çocuğa sıvı küçük miktarlarda ve sık aralıklarla verilir. Sürekli kusma ve idrar azalması olsa bile değerlendirme gerekmez.,partially_supported,2,,,,,,,,,,,,,,pending,,
medical_stress_0134,devfs_b6_med_007,medical,"Evde sağlık hizmetleri, yatağa bağımlı veya sağlık kuruluşuna ulaşması güç olan kişilerin ihtiyaç duyduğu muayene, tetkik, tedavi, tıbbi bakım ve rehabilitasyon hizmetlerinin ev ortamında sunulmasını amaçlar. Hizmet, yeni bir hastalığa acil tanı koyan acil servis işlevi taşımaz ve 112 acil sağlık hizmetinin yerine geçmez. Başvuru ulusal çağrı merkezi üzerinden kimlik, adres ve iletişim bilgileri verilerek yapılabilir. Evde sağlık ekibi hastayı değerlendirir ve kişinin hizmetten yararlanma ölçütlerini taşıyıp taşımadığına karar verir. Uygun bulunan hastada daha önce hekim tarafından planlanmış tedavinin takibi, bakım uygulamaları, tıbbi cihaz kullanımı ve aile eğitimi yürütülebilir. Hastanın durumu acilse evde sağlık randevusu beklenmeden acil yardım istenmelidir. Hizmet, mesai ve randevu düzeni içinde planlı olarak sunulur. Hastanın ve bakım verenin tedavi uygulamalarını doğru sürdürebilmesi için eğitim verilebilir.",Evde sağlık hizmeti kimlere verilir ve acil sağlık hizmetinden nasıl ayrılır?,Evde sağlık hizmeti yatağa bağımlı kişilere planlı bakım sunar. Yaşamı tehdit eden acillerde 112 yerine yalnız evde sağlık randevusu beklenir.,partially_supported,2,,,,,,,,,,,,,,pending,,
medical_stress_0150,devv2_ma_med_006,medical,"Hasta kan yönetimi, hastanın kendi kanını korumaya, kan kaybını azaltmaya ve gereksiz kan transfüzyonunu önlemeye odaklanan kanıta dayalı bir yaklaşımdır. Uygulama yalnız kan ürününün verilmesi anına değil, hastanın bütün tedavi sürecine yayılır. Ameliyat öncesinde kansızlığın belirlenmesi ve uygun şekilde tedavi edilmesi, işlem sırasında kan kaybının azaltılması ve hastanın kansızlığa dayanıklılığının desteklenmesi temel bileşenler arasındadır. Transfüzyon kararı yalnız tek bir laboratuvar değerine dayanmaz; hastanın klinik durumu, kanama bulguları, eşlik eden hastalıkları ve tedavinin olası yararları birlikte değerlendirilir. Sağlık Bakanlığının rehberleri kritik kanama, ameliyat dönemi, dahili hastalıklar, yoğun bakım, gebelik-doğum ile yenidoğan ve pediatri gibi farklı klinik alanlar için ayrı modüller içerir. Amaç, gerekli transfüzyonu engellemek değil, doğru hastaya doğru zamanda ve uygun miktarda kan bileşeni verilmesini sağlamaktır. Yaklaşım hasta güvenliğini ve klinik sonuçları birlikte gözetir.",Hasta kan yönetimi neyi amaçlar ve kan kullanımına ilişkin kararlar nasıl verilir?,Hasta kan yönetimi gereksiz transfüzyonu azaltır. Transfüzyon kararı bir laboratuvar sonucuyla tamamlanır.,partially_supported,2,,,,,,,,,,,,,,pending,,
medical_stress_0151,devfs_b1_med_004,medical,"Ağız kanserleri dil, ağız tabanı, dudak, diş eti ve yumuşak damak gibi ağız içi veya çevresindeki dokularda ortaya çıkabilir. Başlangıç dönemindeki lezyonlar ağrısız olabildiği için kişi değişikliği önemsemeyebilir. Ağızda geçmeyen beyaz ya da kırmızı alanlar, kalınlaşma, tekrarlayan kanama, yutma veya çiğneme güçlüğü, dil ve çene hareketlerinde zorlanma ile uyuşukluk olası belirtiler arasındadır. Hastalık ilerledikçe ağrı ve doku kaybı gelişebilir. Tütün ürünleri ve aşırı alkol kullanımı riski artıran başlıca etkenlerdendir; güneş ışığına uzun süre maruz kalma özellikle dudak bölgesi açısından önem taşır. Düzenli diş hekimi muayenesi, kişinin fark etmekte zorlanabileceği lezyonların erken değerlendirilmesine yardımcı olur. Erken tanı, yayılım ve kalıcı işlev kaybı riskini azaltma açısından önemlidir. Şüpheli değişikliklerde gecikmeden diş hekimine başvurulması önerilir.",Ağız kanserleri erken dönemde nasıl belirti verir ve başlıca risk etkenleri nelerdir?,Ağız içindeki beyaz veya kırmızı alanlar olası bir belirti olabilir. Tütün kullanımı da hastalık riskini azaltan etkenlerdendir.,partially_supported,2,,,,,,,,,,,,,,pending,,
medical_stress_0154,devv2_ma_med_001,medical,"Sağlık Bakanlığının emzirme programı, bebeğin doğumdan hemen sonra emzirilmeye başlanmasını destekler. Yaşamın ilk altı ayında bebeğe su dâhil başka bir besin verilmeden yalnız anne sütü önerilir. Altıncı aydan sonra uygun tamamlayıcı besinlere geçilirken emzirmenin iki yaş ve ötesine kadar sürdürülmesi amaçlanır. Anne sütü hem kısa hem uzun vadede anne ve çocuk sağlığını destekler. Bebek Dostu Hastane yaklaşımında anne adayları gebelik döneminden itibaren emzirmenin yararları ve yöntemleri hakkında bilgilendirilir. Doğumdan sonra anne ile bebeğin erken temas kurmasına ve emzirmenin başlamasına yardım edilir. Sağlık personeli, annelere doğru emzirme tekniği ve süt üretiminin sürdürülmesi konusunda destek verir. Program, emzirmeyi yalnızca doğum anındaki bir uygulama olarak değil, izlem ve danışmanlık gerektiren bir süreç olarak ele alır. Bu destek, annenin bebeğinden ayrı kaldığı dönemlerde süt üretimini nasıl sürdürebileceğine ilişkin danışmanlığı da kapsayabilir.",Emzirme döneminde temel beslenme önerileri nelerdir ve sağlık kuruluşları anneleri nasıl destekler?,İlk altı ay yalnız anne sütü önerilir. Altıncı ay dolduğunda emzirme tamamen bırakılarak yalnız tamamlayıcı besinlere geçilir.,partially_supported,2,,,,,,,,,,,,,,pending,,
medical_stress_0163,devv2_ma_med_003,medical,"Bulaştırıcı tüberküloz hastasıyla aynı havayı paylaşan ve tüberküloz basiline maruz kalan kişiler temaslı olarak değerlendirilir. Hastanın aile bireyleri ve diğer temaslıları verem savaşı dispanserlerinde muayene edilir ve gerekli tetkikleri yapılır. Bu incelemenin amacı, aktif hastalığı bulunan kişileri erken belirlemek ve henüz hasta olmayan fakat hastalık geliştirme riski taşıyan kişileri korumaktır. Muayene sonucunda tüberküloz hastalığı saptananlar uygun tedaviye alınır. Aktif hastalığı bulunmayan ancak enfeksiyon veya hastalık gelişme riski taşıyan kişilere koruyucu ilaç tedavisi verilebilir. Koruyucu yaklaşım, enfeksiyonun ilerleyerek hastalığa dönüşme olasılığını azaltmayı hedefler. BCG aşısı özellikle çocuklarda kan yoluyla yayılan ağır tüberküloz biçimleri ve tüberküloz menenjiti açısından koruma sağlar; bütün tüberküloz türlerini ve her yaştaki bulaşı tamamen önleyen bir yöntem olarak tanımlanmaz. Temaslı değerlendirmesi, yalnız belirti sorgulamasından ibaret değildir; gerekli görülen klinik inceleme ve testler birlikte yürütülür.",Tüberküloz hastasıyla temas eden kişiler nasıl değerlendirilir ve koruyucu yaklaşım neyi amaçlar?,Temaslılar dispanserde muayene edilir ve tetkikleri yapılır. Temaslıların tamamına muayene ve tetkik sonuçları beklenmeden aktif tüberküloz tedavisi başlanır.,partially_supported,2,,,,,,,,,,,,,,pending,,
medical_stress_0164,devv2_ma_med_005,medical,"İyot, tiroid hormonlarının yapımında kullanılan ve normal büyüme, gelişme ile enerji düzenlenmesi açısından gerekli bir eser elementtir. İyot yetersizliği özellikle doğurganlık çağındaki kadınlar, gebeler, bebekler ve çocuklar açısından önemli sonuçlar doğurabilir. Yetersizlik, guatrın yanında gebelik ve çocukluk döneminde gelişimsel sorunlarla ilişkilendirilmektedir. Toplum düzeyinde korunmanın temel yollarından biri iyotla zenginleştirilmiş sofra tuzu kullanılmasıdır. Bununla birlikte iyot ışık, nem ve yüksek ısıdan etkilenebilir. Bu nedenle iyotlu tuzun kapalı bir kapta, kuru ve ışık almayan bir yerde saklanması önerilir. Pişirme sırasında uzun süre ısıya maruz kalması iyot kaybını artırabileceğinden tuzun yemek ateşten indirilmeye yakın veya servis sırasında eklenmesi tercih edilir. İyotlu tuz kullanımı, toplam tuz tüketiminin sınırsız artırılması gerektiği anlamına gelmez. Fazla tuz tüketimi başka sağlık riskleri doğurabileceğinden öneri, tuz miktarını artırmak değil kullanılan tuzun iyotlu olmasını sağlamaktır.",İyot yetersizliğini önlemek için iyotlu tuz nasıl kullanılmalı ve hangi gruplar daha fazla risk taşır?,İyotlu tuzun ışık ve nemden korunması gerekir. İyot kaybını önlemek için tuzun yemeğin pişmeye başladığı anda eklenmesi önerilir.,partially_supported,2,,,,,,,,,,,,,,pending,,
medical_stress_0165,devfs_b3_med_001,medical,"Kan güvenliği, kanın bağışçıdan alınmasından hastaya uygulanmasına ve uygulama sonrasındaki izlemlere kadar uzanan bütün süreci kapsar. Süreç; bağışçının işlem öncesinde bilgilendirilmesi, kanın uygun koşullarda alınması, hazırlanması ve test edilmesi, bileşenlerin doğru etiketlenmesi ile stokların izlenmesini içerir. Transfüzyonun eğitimli sağlık personeli tarafından doğru hastaya ve doğru ürünle yapılması hasta güvenliği açısından önemlidir. Kan ve kan bileşenlerine bağlı istenmeyen olayların kaydedilmesi, değerlendirilmesi ve gerektiğinde düzeltici önlem alınması hemovijilans sisteminin parçasıdır. Bu yaklaşım yalnız laboratuvar testlerinden ibaret değildir; bağışçı seçimi, ürünün taşınması, klinik uygulama ve olay bildirimi arasında kesintisiz bir kalite zinciri kurulmasını gerektirir. Düzenli kayıt ve izleme, tekrar eden risklerin belirlenmesine ve uygulamaların geliştirilmesine yardımcı olur. Sürecin her basamağında izlenebilirlik, doğru ürünün doğru hastaya ulaştırılması ve sorumlulukların belirlenmesi için düzenli kayıt tutulur.",Kan güvenliği hangi aşamaları kapsar ve hemovijilansın bu süreçteki işlevi nedir?,Kan güvenliği bağışçı seçimi ile başlayıp kan bileşeninin hastaya uygulanmasına kadar sürer. Hemovijilans yalnız stok maliyetlerini hesaplamak için kullanılan bir muhasebe sistemidir.,partially_supported,2,,,,,,,,,,,,,,pending,,
medical_stress_0170,devfs_b2_med_004,medical,"Sağlık kuruluşlarında meydana gelen hasta düşmeleri yaralanma, sakatlık ve ölüm gibi ciddi sonuçlara yol açabilir. Düşmeler ayrıca hastanede yatış süresini uzatabilir, bakımın zamanında alınmasını güçleştirebilir ve sağlık hizmetinin maliyetini artırabilir. Bu nedenle düşme riskinin değerlendirilmesi, bakım kalitesi ve hasta güvenliğinin önemli bir parçasıdır. Sağlık Bakanlığı tarafından yetişkin ve çocuk hastalar için ayrı düşme riski değerlendirme ölçekleri hazırlanarak sağlık kuruluşlarının kullanımına sunulmuştur. Riskli hastaların belirlenmesi, güvenli çevrenin sürdürülmesi, hasta ve yakınlarının bilgilendirilmesi ve gerçekleşen olayların izlenmesi önleme çalışmalarının parçalarıdır. Düşme oranları, sunulan bakımın kalitesine ilişkin göstergelerden biri olarak değerlendirilebilir. Alınacak önlemler bütün düşmeleri kesin olarak ortadan kaldırmasa da riskin ve ikincil yaralanmaların azaltılmasına yardımcı olur. Gerçekleşen düşmelerin izlenmesi ve nedenlerinin incelenmesi, benzer olayları önlemeye yönelik iyileştirmelerin planlanmasını sağlar.",Sağlık kuruluşlarında hastaların düşme riski nasıl değerlendirilir ve düşmeler nasıl önlenir?,Hasta düşmeleri ciddi zararlara yol açabilir. Risk değerlendirmesi yalnızca ileri yaştaki hastalara uygulanır.,partially_supported,2,,,,,,,,,,,,,,pending,,
medical_stress_0182,devfs_b4_med_002,medical,"Diyabetik ketoasidoz, kan şekeri yüksekliğiyle birlikte kandaki asit miktarının artması ve kan ya da idrarda keton cisimlerinin bulunmasıyla seyreden ciddi bir diyabet komplikasyonudur. Daha sık tip 1 diyabette görülmekle birlikte tip 2 diyabette de ortaya çıkabilir. Enfeksiyonlar, insülinin yetersiz kullanılması veya hiç kullanılmaması, yeni başlayan tip 1 diyabet ve insülin pompası kateterinin tıkanması nedenler arasında sayılır. Sık idrara çıkma, çok su içme, ağız kuruluğu, kilo kaybı, bulantı, karın ağrısı, halsizlik, nefeste çürük meyve kokusu ve bilinç bulanıklığı görülebilir. Düzenli kan şekeri takibi ve tedaviye uyum korunmada önemlidir. Kan şekeri yükseldiğinde keton kontrolü yapılması ve sağlık değerlendirmesinin geciktirilmemesi gerekir. Bilinç değişikliği veya ağır sıvı kaybı bulguları gelişmesi acil değerlendirme gerektiren bir durumdur.",Diyabetik ketoasidozun temel özellikleri ve sık görülen nedenleri nelerdir?,"Diyabetik ketoasidoz yüksek kan şekeri, asidoz ve keton birikimiyle seyreder. Bu komplikasyon tip 2 diyabete özgüdür.",partially_supported,2,,,,,,,,,,,,,,pending,,
medical_stress_0192,devfs_b3_med_003,medical,"İlaç güvenliği, bir ilacın talep edilmesiyle başlayan ve hastaya uygulandıktan sonra ortaya çıkan etkilerin izlenmesine kadar devam eden çok aşamalı bir hasta güvenliği alanıdır. Doğru ilaç, doğru hasta, doğru doz, doğru uygulama yolu ve doğru zaman gibi temel kontrollerin birlikte yürütülmesi gerekir. İlaçların saklanması, hazırlanması, dağıtılması ve uygulanması sırasında standart yöntemlerin kullanılması hata riskini azaltır. Sağlık çalışanlarının eğitimi, olayların kayıt altına alınması ve süreçlerin düzenli olarak izlenmesi de güvenliğin önemli parçalarıdır. Amaç yalnız meydana gelen hataları bildirmek değildir; riskli basamakları önceden tanımak ve benzer olayların tekrarını önleyecek düzenlemeler yapmaktır. İlaç güvenliği klinik kararın yerini almaz, fakat kararın güvenli biçimde uygulanmasını destekleyen sistematik bir çerçeve sağlar. Benzer isimli veya benzer görünümlü ilaçların ayrılması ve yüksek riskli ilaçlara özel önlem alınması da süreç güvenliğini güçlendirir.",İlaç güvenliği hangi süreçleri içerir ve hata riskinin azaltılmasında hangi yöntemlerden yararlanılır?,İlaç güvenliği istemden uygulama sonrası izlemeye kadar uzanır. Olayların kayıt altına alınması güvenlik sürecinin dışında yürütülür.,partially_supported,2,,,,,,,,,,,,,,pending,,
medical_stress_0007,devfs_b2_med_005,medical,"Güvenli hasta transferi, hastanın hastane içinde bir birimden diğerine veya başka bir sağlık kuruluşuna nakledilmesi sırasında bakımın sürekliliğini ve güvenliği korumayı amaçlar. Süreç, transfer kararının verilmesiyle başlar ve hastanın hedef birime güvenli biçimde teslim edilmesiyle tamamlanır. Bu süre boyunca yalnız hastanın klinik durumu değil, transferde kullanılan cihaz ve ekipmanın güvenliği de gözetilir. Hastaya ilişkin gerekli bilgilerin doğru biçimde aktarılması, uygun personel ve araçların belirlenmesi ve olası risklere karşı hazırlık yapılması istenmeyen olayları azaltır. Güvenli transfer yalnız ambulansla yapılan kurumlar arası nakli kapsamaz; hastane içindeki birimler arasında gerçekleştirilen yer değişiklikleri de aynı yaklaşımın içindedir. Temel hedef, yer değişikliği sırasında bakımın kesintiye uğramamasıdır. Transferi teslim alan ekibe klinik bilgilerin doğru ve eksiksiz aktarılması da bu sürekliliğin önemli bir unsurudur.",Güvenli hasta transferi hangi aşamaları kapsar ve transfer sırasında nelere dikkat edilmelidir?,Güvenli transfer hem hastane içi hem kurumlar arası nakilleri kapsar. Süreçte cihaz ile ekipman güvenliği de gözetilir.,supported,2,,,,,,,,,,,,,,pending,,
medical_stress_0022,devfs_b5_med_004,medical,"Okul Çağı Çocuklarda İşitme Tarama Programı, doğumdan sonra gelişebilen işitme kayıplarının erken fark edilmesini ve gerekli tedavinin gecikmeden başlatılmasını amaçlar. Program kapsamında ilkokul birinci sınıf öğrencilerine okul ortamında tarama odyometri cihazıyla işitme testi uygulanır. Tarama, kesin tanı koyan uzman muayenesinin yerine geçmez. Testte işitme kaybı şüphesi bulunan çocuklar kulak burun boğaz uzmanına yönlendirilir ve gerekli takipleri planlanır. İşitme kaybı çocuğun konuşma gelişimini, dikkatini, öğrenmesini ve sosyal işlevlerini etkileyebileceği için erken müdahale önemlidir. Çocuk daha önce yenidoğan işitme taramasından geçmiş olsa bile sonradan enfeksiyon, travma veya genetik nedenlerle işitme sorunu gelişebilir. Ailelerin işitme ve konuşma gelişimini izlemeyi sürdürmesi gerekir. Tarama sonucu normal olsa bile sonradan ortaya çıkan işitme veya konuşma belirtilerinde çocuk yeniden sağlık değerlendirmesine götürülmelidir.",Okul çağı işitme taraması kimlere uygulanır ve şüpheli sonuç çıktığında ne yapılır?,İlkokul birinci sınıf öğrencilerine odyometriyle tarama yapılır. İşitme kaybı şüphesi bulunan çocuklar uzman değerlendirmesine yönlendirilir.,supported,2,,,,,,,,,,,,,,pending,,
medical_stress_0033,devfs_b6_med_003,medical,"Çölyak hastalığı, genetik yatkınlığı bulunan kişilerde buğday, arpa ve çavdar gibi tahıllardaki glutene karşı gelişen bağışıklık yanıtının ince bağırsakta hasar oluşturduğu kronik bir hastalıktır. Karın ağrısı, şişkinlik, ishal, kansızlık, kilo kaybı veya büyüme geriliği gibi farklı belirtiler görülebilir; bazı kişilerde bulgular hafif olabilir. Tanı yalnız belirtilere bakılarak konmaz. Serolojik testler ve gerekli durumlarda uzman değerlendirmesiyle tanı süreci yürütülür. Etkin tedavi, glutenin yaşam boyu diyetten çıkarılmasıdır. Çok küçük miktarda gluten bile belirtilerin sürmesine ve bağırsak hasarının devam etmesine yol açabilir. Glutensiz ürünlerin hazırlanmasında çapraz bulaşmanın önlenmesi, etiketlerin okunması ve beslenme yeterliliğinin sağlık ekibiyle izlenmesi önemlidir. Diyete başlamak tanısal değerlendirmeden önce test sonuçlarını etkileyebilir. Beslenme planında doğal olarak glutensiz besinlerin dengeli biçimde kullanılması da önem taşır.",Çölyak hastalığında gluten bağırsakları nasıl etkiler ve glutensiz diyet tedavide nasıl bir rol oynar?,Çölyak hastalığında gluten ince bağırsakta bağışıklık aracılı hasara yol açabilir. Etkili tedavi glutenin yaşam boyu diyetten çıkarılmasıdır.,supported,2,,,,,,,,,,,,,,pending,,
medical_stress_0038,devfs_b3_med_004,medical,"Akılcı Laboratuvar Kullanımı çalışmaları, laboratuvar testlerinin doğru klinik soruya uygun biçimde istenmesini ve sonuçların standart, anlaşılır raporlarla sunulmasını hedefler. Uygulama kamu, üniversite ve özel sağlık kuruluşlarındaki laboratuvarların yanı sıra genetik tanı merkezlerini de kapsar. Gereksiz test istemlerinin azaltılması, klinisyen ile laboratuvar uzmanı arasındaki iletişimin güçlendirilmesi ve doğru tanıya katkı sağlayacak testlerin seçilmesi temel amaçlar arasındadır. Konsültasyon, test onayı, refleks test uygulamaları ve sonuç raporlarının uyumlaştırılması bu yaklaşımın araçlarındandır. “Bu Test Nerede Yapılıyor?” sistemi de belirli bir testin hangi sağlık kuruluşlarında çalışıldığını bulmayı kolaylaştırır. Akılcı kullanım, bütün testleri azaltmak anlamına gelmez; klinik gereksinime uygun testin doğru zamanda ve doğru yöntemle kullanılmasını amaçlar. Test istemi ve sonuç yorumlama süreçlerinde laboratuvar uzmanından danışmanlık alınması, gereksiz tekrarların önlenmesine de katkı sağlar.",Akılcı Laboratuvar Kullanımının kapsamı ve temel hedefleri nelerdir?,Uygulama farklı türdeki sağlık laboratuvarlarını ve genetik tanı merkezlerini kapsar. Gereksiz testleri azaltırken klinik gereksinime uygun test seçimini destekler.,supported,2,,,,,,,,,,,,,,pending,,
medical_stress_0044,devfs_b6_med_004,medical,"Karbonmonoksit renksiz, kokusuz ve tatsız olduğu için insan duyularıyla fark edilmesi güç, zehirli bir gazdır. Soba, şofben, kombi, jeneratör ve araç motorlarında yakıtın yetersiz yanması sonucunda oluşabilir; kapalı ve iyi havalandırılmayan ortamlarda hızla birikebilir. Gaz solunum yoluyla kana geçerek dokulara oksijen taşınmasını bozar. Baş ağrısı, baş dönmesi, halsizlik, bulantı, bilinç bulanıklığı ve ileri durumda koma görülebilir. Zehirlenmeden şüphelenildiğinde kişi zaman kaybetmeden temiz havaya çıkarılmalı, ortam güvenli biçimde havalandırılmalı ve 112 Acil Çağrı Merkezi aranmalıdır. Kişi kendini iyi hissetse bile tıbbi değerlendirme geciktirilmemelidir. Gaz kaynağı ve baca sistemi yetkili kişilerce kontrol edilmeden yakıtlı cihazlar yeniden kullanılmamalıdır. Aynı ortamda bulunan diğer kişiler de belirti göstermeseler bile maruziyet açısından değerlendirilmelidir. Erken oksijen desteği gerekebilir.",Karbonmonoksiti fark etmek neden zordur? Zehirlenme şüphesinde ilk olarak ne yapılmalıdır?,Karbonmonoksit renksiz ve kokusuz olduğu için fark edilmesi güçtür. Şüphede kişi temiz havaya çıkarılır ve 112 aranır.,supported,2,,,,,,,,,,,,,,pending,,
medical_stress_0053,devfs_b7_med_002,medical,"Epilepsi nöbeti sırasında temel amaç kişinin güvenliğini sağlamak ve nöbetin doğal seyrini tamamlamasına izin vermektir. Çevrede yaralanmaya yol açabilecek sert veya keskin eşyalar uzaklaştırılmalı, kişinin başının altına yumuşak bir destek konulmalı ve sıkı giysileri gevşetilmelidir. Kasılmaları zorla durdurmaya çalışmak, kişiyi sıkıca tutmak veya ağzına kaşık, parmak ya da başka bir cisim yerleştirmek doğru değildir. Nöbet bittikten sonra solunumun rahat olması için kişi uygun biçimde yan çevrilebilir. Nöbet sırasında yiyecek, içecek veya ilaç verilmemelidir. Nöbet beş dakikadan uzun sürerse, art arda tekrarlarsa, kişi yaralanırsa, ilk nöbetiyse veya bilinci açılmazsa 112 Acil Servisten yardım istenmelidir.",Epilepsi nöbeti sırasında kişinin güvenliği nasıl sağlanır? Hangi durumlarda 112 aranmalıdır?,Nöbet sırasında çevredeki tehlikeli eşyalar uzaklaştırılır ve kişinin ağzına cisim konmaz. Nöbet uzarsa veya bilinç açılmazsa 112 aranır.,supported,2,,,,,,,,,,,,,,pending,,
medical_stress_0056,devfs_b3_med_001,medical,"Kan güvenliği, kanın bağışçıdan alınmasından hastaya uygulanmasına ve uygulama sonrasındaki izlemlere kadar uzanan bütün süreci kapsar. Süreç; bağışçının işlem öncesinde bilgilendirilmesi, kanın uygun koşullarda alınması, hazırlanması ve test edilmesi, bileşenlerin doğru etiketlenmesi ile stokların izlenmesini içerir. Transfüzyonun eğitimli sağlık personeli tarafından doğru hastaya ve doğru ürünle yapılması hasta güvenliği açısından önemlidir. Kan ve kan bileşenlerine bağlı istenmeyen olayların kaydedilmesi, değerlendirilmesi ve gerektiğinde düzeltici önlem alınması hemovijilans sisteminin parçasıdır. Bu yaklaşım yalnız laboratuvar testlerinden ibaret değildir; bağışçı seçimi, ürünün taşınması, klinik uygulama ve olay bildirimi arasında kesintisiz bir kalite zinciri kurulmasını gerektirir. Düzenli kayıt ve izleme, tekrar eden risklerin belirlenmesine ve uygulamaların geliştirilmesine yardımcı olur. Sürecin her basamağında izlenebilirlik, doğru ürünün doğru hastaya ulaştırılması ve sorumlulukların belirlenmesi için düzenli kayıt tutulur.",Kan güvenliği hangi aşamaları kapsar ve hemovijilansın bu süreçteki işlevi nedir?,"Kan güvenliği bağışçı seçimi ile başlayıp kan bileşeninin hastaya uygulanmasına kadar sürer. Hemovijilans, transfüzyonla ilişkili istenmeyen olayların kaydedilip değerlendirilmesini destekler.",supported,2,,,,,,,,,,,,,,pending,,
medical_stress_0059,devfs_b4_med_004,medical,"Vertigo, kişinin kendisinin ya da çevresinin dönüyormuş gibi algılanmasıdır ve tek başına bir hastalık değil, farklı nedenlerle oluşabilen bir belirtidir. Benign paroksismal pozisyonel vertigoda iç kulaktaki küçük kalsiyum parçacıkları normal konumlarından ayrılarak denge kanallarının başka bir bölümüne geçer. Şikâyet çoğu zaman yataktan kalkma veya başı çevirme gibi hareketlerle aniden başlar, yoğun olabilir ve saniyeler ya da dakikalar içinde azalır. Bu tabloda işitme kaybı veya kulak çınlaması beklenen temel bulgular değildir. Tanıda baş ve gövdeye belirli pozisyonlar verilen muayene manevraları kullanılır. Tedavide parçacıkları normal konumuna yönlendiren repozisyon manevraları uygulanabilir; bazı hastalarda manevranın tekrarlanması gerekebilir. Manevralar sağlık değerlendirmesi sonrasında uygulanır ve baş dönmesinin diğer nedenleri ayırıcı tanıda göz önünde tutulur. Bu değerlendirme, gereksiz ilaç kullanımının önlenmesine de yardımcı olur.","Pozisyonel vertigo neden oluşur, hangi belirtileri gösterir ve nasıl tedavi edilir?",Pozisyonel vertigo baş hareketleriyle kısa süren ataklar oluşturabilir. Tedavide repozisyon manevraları kullanılabilir.,supported,2,,,,,,,,,,,,,,pending,,
medical_stress_0087,devfs_b7_med_004,medical,"Astım, hava yollarında mikrobik olmayan iltihap ve değişken daralmayla seyreden kronik bir hastalıktır. Nefes darlığı, hırıltı, göğüste baskı ve tekrarlayan öksürük atakları görülebilir. İnhaler ilaçlar doğrudan hava yollarına ulaştığı için düşük dozla etkili tedavi sağlayabilir. Ancak cihazın yanlış kullanılması, ilacın yeterli miktarda akciğere ulaşmasını engeller. Genel uygulamada önce nefes dışarı verilir, cihazın türüne uygun biçimde ilaç alınırken derin nefes çekilir ve ardından nefes kısa süre tutulur. Cihaz tekniği sağlık personeli tarafından gösterilmeli ve kontrollerde yeniden değerlendirilmelidir. Kortizon içeren inhalerlerden sonra ağız ve boğazın suyla çalkalanması önerilir. Tedavi dozu ve cihaz türü hekim tarafından belirlenir; belirtiler azaldığında ilaç kendiliğinden kesilmemelidir.",İnhaler cihazın doğru kullanılması neden önemlidir? Kortizon içeren cihazlardan sonra hangi ağız bakımı yapılmalıdır?,Yanlış inhaler tekniği ilacın akciğere yeterince ulaşmasını engelleyebilir. Kortizon içeren cihazdan sonra ağız suyla çalkalanmalıdır.,supported,2,,,,,,,,,,,,,,pending,,
medical_stress_0090,devv2_med_enabiz,medical,"e-Nabız, farklı sağlık kuruluşlarında oluşan sağlık verilerinin internet ve mobil cihazlar üzerinden görüntülenmesini sağlayan kişisel sağlık kaydı sistemidir. Kullanıcı; muayene, tetkik ve tedavi bilgilerine tek noktadan erişebilir ve tıbbi geçmişini yönetebilir. Sağlık profesyonelleri bu kayıtlara kendiliğinden sınırsız biçimde ulaşmaz. Kişinin verdiği, süresi ve kapsamı belirlenmiş yetki çerçevesinde kayıtlar hekim tarafından değerlendirilebilir. Bu yapı, teşhis ve tedavi sürecinde sağlık geçmişinin görülmesini ve hasta ile hekim arasındaki iletişimin güçlenmesini amaçlar. Sistem, sağlık kuruluşunun yerine tedavi sunan bağımsız bir klinik hizmet değildir; sağlık bilgilerinin güvenli biçimde erişilmesini ve paylaşılmasını destekleyen bir altyapıdır.",e-Nabız hangi sağlık bilgilerine erişim sağlar ve hekimler bu kayıtlara hangi koşullarda ulaşabilir?,"e-Nabız, farklı sağlık kuruluşlarındaki kayıtları tek noktadan görüntülemeyi sağlar. Hekim erişimi kişinin verdiği süreli ve sınırlı yetkiye bağlı olabilir.",supported,,,,,,,,,,,,,,,pending,,
medical_stress_0093,devfs_b6_med_006,medical,"Sigara bırakma poliklinikleri, tütün ve tütün ürünlerine bağlı fiziksel, psikolojik ve davranışsal bağımlılığın değerlendirilmesi, tedavisi ve uzun dönem takibi için hizmet verir. İlk görüşmede kişinin tütün kullanım öyküsü, bırakma isteği, daha önceki denemeleri ve sağlık durumu ele alınır. Nikotin bağımlılık düzeyi bilimsel ölçeklerle değerlendirilebilir ve kişiye uygun bırakma planı hazırlanır. Uygun hastalarda nikotin yerine koyma tedavileri veya ilaç tedavileri planlanabilir. Davranışsal danışmanlık, motivasyonel görüşme ve düzenli kontrol, bırakma sürecinin önemli parçalarıdır. Tedavi bütün başvuranlara aynı biçimde verilmez; kişinin bağımlılık düzeyi, hastalıkları ve kullandığı ilaçlar dikkate alınır. Bırakma sırasında yeniden sigara kullanılması sürecin tamamen başarısız olduğu anlamına gelmez ve plan sağlık ekibiyle yeniden değerlendirilebilir. Bırakma planı sırasında yoksunluk belirtileri ve yeniden başlama riski de düzenli olarak izlenir.",Sigara bırakma polikliniğinde bağımlılık nasıl değerlendirilir ve tedavi neden kişiye göre planlanır?,"Poliklinikte nikotin bağımlılığı ve sağlık durumu değerlendirilir. Tedavi, kişiye özel danışmanlık ve uygun görülen ilaç seçenekleriyle planlanır.",supported,2,,,,,,,,,,,,,,pending,,
medical_stress_0106,devv2_ma_med_002,medical,"Pulmoner rehabilitasyon, kronik solunum hastalığı bulunan kişilerin nefes darlığını azaltmayı, egzersiz kapasitesini artırmayı ve günlük yaşamlarını daha bağımsız sürdürmelerini amaçlayan kapsamlı bir programdır. Programa kabul öncesinde hastanın solunum işlevleri, egzersiz toleransı, günlük yaşam kısıtlılıkları ve eşlik eden gereksinimleri değerlendirilir. Uygulama yalnızca egzersizden oluşmaz. Bireyselleştirilmiş egzersiz eğitiminin yanında hasta eğitimi, davranış değişikliği, beslenme düzenlemesi ve psikososyal destek gibi bileşenler içerebilir. KOAH başta olmak üzere astım, bronşektazi, interstisyel akciğer hastalıkları, kistik fibrozis ve bazı nöromüsküler hastalıklarda kullanılabilir. Akciğer cerrahisi öncesi veya sonrasında da programa başvurulabilir. Hastanın durumuna ve merkezin imkânlarına göre rehabilitasyon hastanede yatarak, ayaktan izlemle veya ev ortamında yürütülebilir. Programın planı hastanın belirtileri ve işlevsel kapasitesi değiştikçe yeniden değerlendirilebilir; uygulama tek tip bir reçete olarak düşünülmez. Bu nedenle programın içeriği, başlangıç değerlendirmesinden elde edilen bulgulara göre ekip tarafından kişiye özgü biçimde planlanır.",Pulmoner rehabilitasyon kimlere uygulanabilir ve programda hangi bileşenler yer alır?,"Pulmoner rehabilitasyon kronik solunum hastalıklarında nefes darlığını ve işlev kaybını azaltmayı hedefler. Program kişiye özel egzersizin yanında eğitim, beslenme ve psikososyal destek içerebilir.",supported,2,,,,,,,,,,,,,,pending,,
medical_stress_0117,devfs_b2_med_001,medical,"Güvenli cerrahi uygulamaları, ameliyat öncesi, sırası ve sonrasında önlenebilir hataları azaltmayı amaçlayan hasta güvenliği çalışmalarının bir parçasıdır. Dünya Sağlık Örgütünün “Güvenli Cerrahi Hayat Kurtarır” projesi temel alınarak Türkiye’de sağlık kuruluşlarının kullanacağı standart bir kontrol formu hazırlanmış ve 2009 yılında uygulamaya sunulmuştur. Güvenli Cerrahi Kontrol Listesi; doğru hastaya doğru işlemin uygulanması, kimlik doğrulamanın uygun biçimde yapılması ve ekip tarafından kritik adımların gözden geçirilmesi için ortak bir çerçeve sağlar. Listenin etkili kullanımı, cerrahi alan enfeksiyonları ile diğer komplikasyonlara bağlı ölüm riskinin azaltılmasına katkı sunar. Kontrol listesi, klinik kararın yerine geçen tek başına bir belge değil, güvenli bakım adımlarının atlanmamasını destekleyen standartlaştırılmış bir araçtır. İlgili rehber ve formlar, sağlık kuruluşlarında kritik kontrol basamaklarının sistematik biçimde uygulanmasına yardımcı olur.",Güvenli Cerrahi Kontrol Listesi Türkiye’de nasıl kullanılıyor ve temel amacı nedir?,"Türkiye’ye özgü Güvenli Cerrahi Kontrol Listesi 2009 yılında kullanıma sunulmuştur. Liste, doğru hasta ve doğru işlem doğrulamasını destekleyerek komplikasyonların azaltılmasına katkı sağlar.",supported,2,,,,,,,,,,,,,,pending,,
medical_stress_0119,devfs_b1_med_005,medical,"Malnütrisyon; enerji, protein veya diğer besin ögelerinin yetersiz alınmasının vücut yapısı, işlevleri ve klinik sonuçlar üzerinde ölçülebilir olumsuz etki oluşturduğu beslenme durumudur. Bu sorun yalnız kilo kaybıyla sınırlı değildir. Yağsız vücut kitlesinin azalması, yara iyileşmesinin gecikmesi, yaşam kalitesinin düşmesi, hastanede kalış süresinin uzaması ve tedavi giderlerinin artmasıyla ilişkili olabilir. Hastaneye yatan kişilerde beslenme yetersizliği başvuru sırasında bulunabileceği gibi hastalık ve tedavi sürecinde de gelişebilir. Nütrisyon destek ekipleri, beslenme riski taşıyan hastaların değerlendirilmesi ve uygun beslenme desteğinin planlanması için oluşturulur. Destek ağızdan beslenmenin düzenlenmesini, tüple beslenmeyi veya gerekli durumlarda damar yoluyla beslenmeyi içerebilir. Amaç, hastanın gereksinimine uygun ve güvenli bir beslenme planı oluşturarak komplikasyon riskini azaltmaktır. İzlem sırasında plan hastanın klinik durumuna göre güncellenebilir.",Malnütrisyonun klinik etkisi ve nütrisyon destek ekibinin işlevi nedir?,Malnütrisyon yara iyileşmesini geciktirebilir. Hastanede kalış süresini uzatabilir.,supported,1,,,,,,,,,,,,,,pending,,
medical_stress_0126,devv2_ma_med_001,medical,"Sağlık Bakanlığının emzirme programı, bebeğin doğumdan hemen sonra emzirilmeye başlanmasını destekler. Yaşamın ilk altı ayında bebeğe su dâhil başka bir besin verilmeden yalnız anne sütü önerilir. Altıncı aydan sonra uygun tamamlayıcı besinlere geçilirken emzirmenin iki yaş ve ötesine kadar sürdürülmesi amaçlanır. Anne sütü hem kısa hem uzun vadede anne ve çocuk sağlığını destekler. Bebek Dostu Hastane yaklaşımında anne adayları gebelik döneminden itibaren emzirmenin yararları ve yöntemleri hakkında bilgilendirilir. Doğumdan sonra anne ile bebeğin erken temas kurmasına ve emzirmenin başlamasına yardım edilir. Sağlık personeli, annelere doğru emzirme tekniği ve süt üretiminin sürdürülmesi konusunda destek verir. Program, emzirmeyi yalnızca doğum anındaki bir uygulama olarak değil, izlem ve danışmanlık gerektiren bir süreç olarak ele alır. Bu destek, annenin bebeğinden ayrı kaldığı dönemlerde süt üretimini nasıl sürdürebileceğine ilişkin danışmanlığı da kapsayabilir.",Emzirme döneminde temel beslenme önerileri nelerdir ve sağlık kuruluşları anneleri nasıl destekler?,Bebeklerin ilk altı ay yalnız anne sütüyle beslenmesi önerilir. Sağlık kuruluşları da doğumdan sonra emzirmenin başlaması ve sürdürülmesi için annelere eğitim ve destek sağlar.,supported,2,,,,,,,,,,,,,,pending,,
medical_stress_0129,devfs_b5_med_005,medical,"Obezite, besinlerle alınan enerjinin harcanan enerjiden uzun süre fazla olması sonucunda vücutta yağ dokusunun artmasıyla ortaya çıkan kronik bir hastalıktır. Fiziksel aktivitenin azalması, enerji yoğun beslenme alışkanlıkları, yaş, genetik özellikler ve çevresel koşullar risk üzerinde etkili olabilir. Obezite kalp-damar hastalıkları, hipertansiyon, diyabet, bazı kanserler, solunum sorunları ve kas-iskelet sistemi hastalıkları için riski artırabilir. Korunmada tek bir kısa süreli diyet yerine sürdürülebilir beslenme düzeni, düzenli fiziksel aktivite, uyku düzeni ve davranış değişikliği önem taşır. Değerlendirme kişinin yaşı, sağlık durumu ve yaşam koşulları dikkate alınarak yapılmalıdır. Tedavide sağlık profesyonellerinin izlemi gerekebilir; yalnız tartıdaki kısa dönem değişim bütün sağlık risklerini tek başına göstermez. Kilo yönetiminde kısa süreli sonuçlardan çok kalıcı yaşam biçimi değişikliklerinin sürdürülmesi ve sağlık risklerinin birlikte izlenmesi hedeflenir.","Obezite nasıl gelişir, hangi hastalıklarla ilişkilidir ve korunmak için nasıl bir yaklaşım gerekir?",Obezite uzun süreli enerji fazlası sonucunda yağ dokusunun artmasıyla gelişebilir. Dengeli beslenme ve düzenli fiziksel aktivite korunmada önemlidir.,supported,2,,,,,,,,,,,,,,pending,,
medical_stress_0132,devv2_ma_med_006,medical,"Hasta kan yönetimi, hastanın kendi kanını korumaya, kan kaybını azaltmaya ve gereksiz kan transfüzyonunu önlemeye odaklanan kanıta dayalı bir yaklaşımdır. Uygulama yalnız kan ürününün verilmesi anına değil, hastanın bütün tedavi sürecine yayılır. Ameliyat öncesinde kansızlığın belirlenmesi ve uygun şekilde tedavi edilmesi, işlem sırasında kan kaybının azaltılması ve hastanın kansızlığa dayanıklılığının desteklenmesi temel bileşenler arasındadır. Transfüzyon kararı yalnız tek bir laboratuvar değerine dayanmaz; hastanın klinik durumu, kanama bulguları, eşlik eden hastalıkları ve tedavinin olası yararları birlikte değerlendirilir. Sağlık Bakanlığının rehberleri kritik kanama, ameliyat dönemi, dahili hastalıklar, yoğun bakım, gebelik-doğum ile yenidoğan ve pediatri gibi farklı klinik alanlar için ayrı modüller içerir. Amaç, gerekli transfüzyonu engellemek değil, doğru hastaya doğru zamanda ve uygun miktarda kan bileşeni verilmesini sağlamaktır. Yaklaşım hasta güvenliğini ve klinik sonuçları birlikte gözetir.",Hasta kan yönetimi neyi amaçlar ve kan kullanımına ilişkin kararlar nasıl verilir?,Hasta kan yönetimi hastanın kendi kanını korumayı ve gereksiz transfüzyonu azaltmayı hedefler. Transfüzyon kararı da klinik durumla birlikte değerlendirilir.,supported,2,,,,,,,,,,,,,,pending,,
medical_stress_0136,devfs_b2_med_004,medical,"Sağlık kuruluşlarında meydana gelen hasta düşmeleri yaralanma, sakatlık ve ölüm gibi ciddi sonuçlara yol açabilir. Düşmeler ayrıca hastanede yatış süresini uzatabilir, bakımın zamanında alınmasını güçleştirebilir ve sağlık hizmetinin maliyetini artırabilir. Bu nedenle düşme riskinin değerlendirilmesi, bakım kalitesi ve hasta güvenliğinin önemli bir parçasıdır. Sağlık Bakanlığı tarafından yetişkin ve çocuk hastalar için ayrı düşme riski değerlendirme ölçekleri hazırlanarak sağlık kuruluşlarının kullanımına sunulmuştur. Riskli hastaların belirlenmesi, güvenli çevrenin sürdürülmesi, hasta ve yakınlarının bilgilendirilmesi ve gerçekleşen olayların izlenmesi önleme çalışmalarının parçalarıdır. Düşme oranları, sunulan bakımın kalitesine ilişkin göstergelerden biri olarak değerlendirilebilir. Alınacak önlemler bütün düşmeleri kesin olarak ortadan kaldırmasa da riskin ve ikincil yaralanmaların azaltılmasına yardımcı olur. Gerçekleşen düşmelerin izlenmesi ve nedenlerinin incelenmesi, benzer olayları önlemeye yönelik iyileştirmelerin planlanmasını sağlar.",Sağlık kuruluşlarında hastaların düşme riski nasıl değerlendirilir ve düşmeler nasıl önlenir?,Hasta düşmeleri ciddi zararlara yol açabilir. Yetişkinlerle çocuklar için ayrı risk değerlendirme ölçekleri kullanılabilir.,supported,2,,,,,,,,,,,,,,pending,,
medical_stress_0157,devfs_b3_med_005,medical,"İyonlaştırıcı radyasyon, sağlık hizmetlerinde tanı ve tedavi amacıyla kullanılabilir; ancak kontrolsüz veya gereksiz maruziyet hasta, refakatçi ve çalışanlar açısından zarar riski oluşturur. Radyasyon güvenliğinin amacı, gerekli tıbbi yararı korurken maruziyeti mümkün olan en düşük düzeyde tutmaktır. Bu nedenle işlem öncesinde gereklilik değerlendirilir, uygun cihaz ve çekim tekniği seçilir, koruyucu önlemler uygulanır ve çalışma alanları düzenli biçimde izlenir. Güvenlik yalnız hastayı değil, işlemi gerçekleştiren personeli ve gerektiğinde hastaya eşlik eden kişileri de kapsar. Koruyucu donanım kullanımı, alan sınırlamaları ve doz takibi risk yönetiminin araçlarıdır. Radyasyon güvenliği, tıbben gerekli görüntüleme ve tedavileri bütünüyle engellemek yerine bunların gerekçelendirilmiş ve kontrollü biçimde yapılmasını sağlar. Dozun izlenmesi ve çalışanların koruyucu uygulamalara uyması, maruziyetin değerlendirilmesini ve önleyici tedbirlerin güncellenmesini kolaylaştırır.",Radyasyon güvenliği kimleri korumayı amaçlar ve tıbbi radyasyon kullanımına nasıl yaklaşır?,"Radyasyon güvenliği hasta, refakatçi ve çalışanların gereksiz maruziyetini azaltmayı amaçlar. Gerekli tıbbi işlemlerin kontrollü yapılmasını destekler.",supported,2,,,,,,,,,,,,,,pending,,
medical_stress_0186,devfs_b1_med_001,medical,"Basınç yaraları, uzun süreli basınca bağlı olarak deri veya yumuşak dokuda gelişen yaralanmalardır. Dekübit ülseri, yatak yarası ya da bası yarası olarak da adlandırılabilir. En sık sırt, kuyruk kemiği, kalça, dirsek, topuk ve ayak bileği gibi kemik çıkıntılarının üzerindeki bölgelerde görülür. Tedavi edilmediklerinde ciddi komplikasyonlara yol açabilirler. Buna karşılık risklerin erken fark edilmesi, uygun koruyucu önlemler ve iyi hasta bakımıyla birçok basınç yarasının önlenmesi mümkündür. Sağlık Bakanlığının ulusal hasta güvenliği hedefleri arasında basınç yaralarının önlenmesi de yer alır. Sağlık kuruluşlarında bu amaçla kalite standartları, göstergeler ve kontrol listeleri kullanılır. Yaklaşımın temelinde yalnız oluşan yarayı tedavi etmek değil, riskli hastayı belirleyerek yaralanma ortaya çıkmadan önce korumak vardır. Bu nedenle önleme çalışmaları klinik bakımın yanında kurum düzeyinde izlenen bir hasta güvenliği ve hizmet kalitesi konusu olarak ele alınır.",Basınç yaraları en çok hangi bölgelerde görülür ve oluşmaları nasıl önlenebilir?,"Basınç yaraları çoğunlukla kemik çıkıntılarının üzerindeki deri ve yumuşak dokuda gelişir. Uygun koruyucu önlemler ve iyi hasta bakımı, bu yaraların önemli bir bölümünü önleyebilir.",supported,2,,,,,,,,,,,,,,pending,,
medical_stress_0002,devfs_b2_med_005,medical,"Güvenli hasta transferi, hastanın hastane içinde bir birimden diğerine veya başka bir sağlık kuruluşuna nakledilmesi sırasında bakımın sürekliliğini ve güvenliği korumayı amaçlar. Süreç, transfer kararının verilmesiyle başlar ve hastanın hedef birime güvenli biçimde teslim edilmesiyle tamamlanır. Bu süre boyunca yalnız hastanın klinik durumu değil, transferde kullanılan cihaz ve ekipmanın güvenliği de gözetilir. Hastaya ilişkin gerekli bilgilerin doğru biçimde aktarılması, uygun personel ve araçların belirlenmesi ve olası risklere karşı hazırlık yapılması istenmeyen olayları azaltır. Güvenli transfer yalnız ambulansla yapılan kurumlar arası nakli kapsamaz; hastane içindeki birimler arasında gerçekleştirilen yer değişiklikleri de aynı yaklaşımın içindedir. Temel hedef, yer değişikliği sırasında bakımın kesintiye uğramamasıdır. Transferi teslim alan ekibe klinik bilgilerin doğru ve eksiksiz aktarılması da bu sürekliliğin önemli bir unsurudur.",Güvenli hasta transferi hangi aşamaları kapsar ve transfer sırasında nelere dikkat edilmelidir?,Transfer öncesi ekipman listesi elektronik imzayla kapatılır. Varış birimi hastanın kabul saatini ayrı bir forma işler.,unverifiable,2,,,,,,,,,,,,,,pending,,
medical_stress_0004,devfs_b6_med_005,medical,"Organ bağışı, kişinin hayattayken özgür iradesiyle ölümünden sonra organ ve dokularının başka hastaların tedavisinde kullanılmasına izin vermesidir. Organ nakli ise görevini yapamayan bir organın yerine canlı veya ölmüş vericiden alınan işlevsel bir organın cerrahi yöntemle yerleştirilmesidir. Beyin ölümü, beynin tamamı ile beyin sapındaki hayati merkezlerin işlevlerini geri dönüşü olmayacak şekilde kaybetmesidir ve tıbbi ölüm anlamına gelir. Bu durum koma veya bitkisel hayatla aynı değildir; koma ve bitkisel hayatta bazı beyin işlevleri devam edebilir. Bağış yapılmış olması, her ölümden sonra organların nakledilebileceği anlamına gelmez. Kadavradan organ nakli için uygun tıbbi koşulların bulunması, beyin ölümü tanısının konulması ve organların nakle elverişli olduğunun değerlendirilmesi gerekir. Nakil uygunluğu, organların işlevi ve alıcıyla tıbbi uyum gibi ölçütlerle ayrıca değerlendirilir.",Beyin ölümü koma ve bitkisel hayattan nasıl ayrılır? Organ bağışı yapılmış olması her ölümde nakil yapılacağı anlamına gelir mi?,Beyin ölümü tanısı organların alıcıyla eşleşmesini belirler. Bağış belgesi nakil sırasında öncelik sağlar.,unverifiable,2,,,,,,,,,,,,,,pending,,
medical_stress_0024,devv2_ma_med_007,medical,"Gebe Bilgilendirme Sınıfı Programı, gebelerin doğum öncesi, doğum ve doğum sonrası dönemlere ilişkin bilgi ve becerilerini geliştirmeyi amaçlar. Eğitimlerde gebeliğin fizyolojik ve psikolojik değişiklikleri, doğumun evreleri, doğum ağrısıyla ilaçsız baş etme yöntemleri, tehlike işaretleri ve acil durumda izlenecek yollar ele alınır. Lohusalık dönemi, yenidoğan bakımı, doğum sonrası üreme sağlığı seçenekleri ve normal doğumun anne ile bebek açısından yararları da programın konuları arasındadır. Gebeye doğumda eşlik edecek yakınların sürece katılması ve aile desteğinin güçlendirilmesi teşvik edilir. Eğitimler ilçe sağlık müdürlükleri, toplum sağlığı merkezleri, Sağlıklı Hayat Merkezleri, hastanelerdeki gebe okulları veya doğuma hazırlık birimlerinde sunulabilir. Programın amacı belirli bir doğum yöntemini zorunlu kılmak değil, gebelerin bilinçli karar verebilmesini ve olası riskleri erken fark edebilmesini desteklemektir. Eğitim içeriği gebelik döneminin gereksinimlerine göre planlanır.",Gebe Bilgilendirme Sınıfı hangi dönemleri ve konuları kapsar?,Program gebelere doğum yapılacak hastaneyi seçer. Eğitimin tamamlanması doğum ağrısını azaltan tıbbi etki oluşturur.,unverifiable,2,,,,,,,,,,,,,,pending,,
medical_stress_0025,devv2_ma_med_008,medical,"Akılcı ilaç kullanımı, kişinin klinik bulgularına ve bireysel özelliklerine uygun ilaca doğru dozda, doğru süreyle ve uygun maliyetle ulaşmasını ifade eder. Gereksiz, etkisiz veya yanlış ilaç kullanımı tedaviye uyumu azaltabilir, ilaç etkileşimlerini ve yan etki riskini artırabilir, hastalığın uzamasına veya tekrarlamasına yol açabilir. Antibiyotiklerin uygun olmayan kullanımı direnç gelişimini hızlandırarak hem bireysel tedaviyi hem de toplum sağlığını olumsuz etkileyebilir. Hastaların hekim önerisi olmadan ilaç başlamaması, başkasına ait ilacı kullanmaması, tedaviyi kendi kararıyla yarıda bırakmaması ve önerilen doz ile süreye uyması gerekir. Akılcı kullanım yalnız hastanın sorumluluğu değildir; hekim, eczacı, sağlık kuruluşu ve düzenleyici kurumların doğru bilgilendirme ve izleme görevleri de bulunur. Amaç ilaç kullanımını bütünüyle azaltmak değil, gerekli ilacın güvenli ve etkili biçimde kullanılmasını sağlamaktır. Hasta ve yakınının doğru bilgilendirilmesi bu sürecin temel parçalarındandır.",Akılcı ilaç kullanımında hasta ve sağlık sistemi hangi ilkelere uymalıdır?,Akılcı ilaç değerlendirmesinde eşdeğer ürün seçenekleri karşılaştırılır. Tedavi sonucu eczacı tarafından izlenir.,unverifiable,2,,,,,,,,,,,,,,pending,,
medical_stress_0029,devfs_b3_med_005,medical,"İyonlaştırıcı radyasyon, sağlık hizmetlerinde tanı ve tedavi amacıyla kullanılabilir; ancak kontrolsüz veya gereksiz maruziyet hasta, refakatçi ve çalışanlar açısından zarar riski oluşturur. Radyasyon güvenliğinin amacı, gerekli tıbbi yararı korurken maruziyeti mümkün olan en düşük düzeyde tutmaktır. Bu nedenle işlem öncesinde gereklilik değerlendirilir, uygun cihaz ve çekim tekniği seçilir, koruyucu önlemler uygulanır ve çalışma alanları düzenli biçimde izlenir. Güvenlik yalnız hastayı değil, işlemi gerçekleştiren personeli ve gerektiğinde hastaya eşlik eden kişileri de kapsar. Koruyucu donanım kullanımı, alan sınırlamaları ve doz takibi risk yönetiminin araçlarıdır. Radyasyon güvenliği, tıbben gerekli görüntüleme ve tedavileri bütünüyle engellemek yerine bunların gerekçelendirilmiş ve kontrollü biçimde yapılmasını sağlar. Dozun izlenmesi ve çalışanların koruyucu uygulamalara uyması, maruziyetin değerlendirilmesini ve önleyici tedbirlerin güncellenmesini kolaylaştırır.",Radyasyon güvenliği kimleri korumayı amaçlar ve tıbbi radyasyon kullanımına nasıl yaklaşır?,Hastaya işlem sonrasında kişisel doz özeti verilir. Radyoloji birimi yıllık maruziyet raporunu kamuya açıklar.,unverifiable,2,,,,,,,,,,,,,,pending,,
medical_stress_0040,devv2_med_enabiz,medical,"e-Nabız, farklı sağlık kuruluşlarında oluşan sağlık verilerinin internet ve mobil cihazlar üzerinden görüntülenmesini sağlayan kişisel sağlık kaydı sistemidir. Kullanıcı; muayene, tetkik ve tedavi bilgilerine tek noktadan erişebilir ve tıbbi geçmişini yönetebilir. Sağlık profesyonelleri bu kayıtlara kendiliğinden sınırsız biçimde ulaşmaz. Kişinin verdiği, süresi ve kapsamı belirlenmiş yetki çerçevesinde kayıtlar hekim tarafından değerlendirilebilir. Bu yapı, teşhis ve tedavi sürecinde sağlık geçmişinin görülmesini ve hasta ile hekim arasındaki iletişimin güçlenmesini amaçlar. Sistem, sağlık kuruluşunun yerine tedavi sunan bağımsız bir klinik hizmet değildir; sağlık bilgilerinin güvenli biçimde erişilmesini ve paylaşılmasını destekleyen bir altyapıdır.",e-Nabız hangi sağlık bilgilerine erişim sağlar ve hekimler bu kayıtlara hangi koşullarda ulaşabilir?,e-Nabız kullanıcının beslenme planını hazırlar. Sistem hastaneler arasındaki ücret farklarını karşılar.,unverifiable,,,,,,,,,,,,,,,pending,,
medical_stress_0046,devfs_b5_med_003,medical,"Koruyucu ağız ve diş sağlığı hizmetleri, diş çürüğü ve diş eti hastalıkları ortaya çıkmadan önce riskleri azaltmayı ve çocuklarda düzenli bakım alışkanlığı geliştirmeyi amaçlar. Okul temelli programlarda öğrencilerin ağız ve diş muayeneleri yapılabilir, florürlü vernik uygulanabilir ve doğru diş fırçalama konusunda eğitim verilebilir. Florürlü vernik diş minesinin çürüğe karşı direncini artırmaya ve başlangıç düzeyindeki çürük sürecini yavaşlatmaya yardımcı olur. Uygulama tek başına yeterli kabul edilmez; düzenli fırçalama, uygun diş macunu kullanımı, şekerli gıdaların sık tüketilmemesi ve diş hekimi kontrolleri de korunmanın parçalarıdır. Programlarda öğrenci, öğretmen ve velilerin bilgilendirilmesi hedeflenir. Muayenede tedavi gerektiren bir sorun saptanırsa çocuk uygun ağız ve diş sağlığı kuruluşuna yönlendirilir. Koruyucu hizmetler, muayenede saptanan mevcut diş sorunlarının gerekli tedavisiyle birlikte bütüncül biçimde planlanır.",Okul temelli ağız ve diş sağlığı programlarında hangi uygulamalar yapılır? Florürlü vernik ne işe yarar?,Florürlü vernik uygulamasından önce diş yüzeyindeki mineral kaybı ölçülür. Çürük riski yüksek öğrenciler için farklı kontrol aralığı uygulanır.,unverifiable,2,,,,,,,,,,,,,,pending,,
medical_stress_0065,devv2_repair_med_001,medical,"Sağlıklı Hayat Merkezleri, bireyleri ve toplumu sağlık risklerinden korumak, sağlıklı yaşam alışkanlıklarını teşvik etmek ve birinci basamak hizmetlere erişimi kolaylaştırmak amacıyla toplum sağlığı merkezlerine bağlı olarak çalışır. Merkezlerde beslenme, kronik hastalıklar ve fiziksel aktivite, kadın ve üreme sağlığı, kanser taraması, ruh sağlığı, çocuk ve ergen sağlığı, tütün ve madde bağımlılığı, enfeksiyon kontrolü ile koruyucu ağız ve diş sağlığı alanlarında danışmanlık sunulabilir. Hizmetler bütün vatandaşlara ücretsizdir. Kişiler merkeze doğrudan başvurabilir veya aile hekimi tarafından yönlendirilebilir. Bu yapıların amacı hastanelerin yerine geçmek değil, koruyucu sağlık hizmetlerini güçlendirmek ve aile hekimliği hizmetlerini desteklemektir. Merkezler yalnız hastalık ortaya çıktıktan sonra tedavi veren birimler olarak tasarlanmamıştır; risklerin erken fark edilmesi ve sağlığın korunması da temel işlevlerindendir.",Sağlıklı Hayat Merkezleri hangi hizmetleri sunar ve bu merkezlere nasıl başvurulur?,Sağlıklı Hayat Merkezi danışan adına spor salonu üyeliği açar. Beslenme hizmeti evde yemek teslimini kapsar.,unverifiable,2,,,,,,,,,,,,,,pending,,
medical_stress_0085,devfs_b7_med_003,medical,"Çocuklarda ishal, çocuğun olağan bağırsak düzenine göre dışkının daha sık ve daha sulu hâle gelmesidir. En önemli risk, kusma ve dışkılama yoluyla su ile mineral kaybıdır. Çocuğun normal beslenmesine mümkün olduğunca devam edilmeli, anne sütü alan bebek daha sık emzirilmelidir. Sıvılar küçük miktarlarda ve sık aralıklarla verilmelidir; kısa sürede fazla miktarda içirmek kusmayı artırabilir. Oral rehidrasyon sıvısı, kaybedilen su ve tuzların yerine konmasına yardımcı olur ve tarif edildiği miktarda temiz suyla hazırlanmalıdır. Kanlı dışkı, sürekli kusma, beslenememe, belirgin halsizlik, ağız kuruluğu, idrar azalması veya başka sıvı kaybı belirtileri bulunan çocuk sağlık kuruluşunda değerlendirilmelidir. İshali durdurmak amacıyla hekime danışmadan ilaç verilmemelidir.",İshalli bir çocukta sıvı ve beslenme desteği nasıl sürdürülür? Hangi belirtilerde sağlık kuruluşuna başvurulmalıdır?,Oral rehidrasyon sıvısı evde hazırlandığında buzdolabında saklanır. Sıvı kaybı çocuğun günlük kilo değişimiyle izlenir.,unverifiable,2,,,,,,,,,,,,,,pending,,
medical_stress_0086,devfs_b5_med_002,medical,"Çocuklarda demir eksikliği iştahsızlık, halsizlik, çabuk yorulma ve olağan dışı maddeleri yeme isteği gibi belirtilerle başlayabilir. Tedavi edilmediğinde büyüme, dikkat, öğrenme ve enfeksiyonlara karşı direnç olumsuz etkilenebilir. Beslenmede kırmızı et, yumurta, tavuk, balık, kuru baklagiller ve koyu yeşil yapraklı sebzeler gibi demir içeren gıdalara yer verilmesi önerilir. Bu gıdaların turunçgiller ve başka C vitamini kaynaklarıyla birlikte tüketilmesi demir emilimini artırabilir. Çay, kahve, aşırı süt ve yüksek miktarda kalsiyum ise emilimi azaltabilir. Demir içeren gıdalarla süt ve yoğurt gibi kalsiyum kaynaklarının aynı öğünde verilmemesi yararlı olabilir. Çocuğun beslenme düzeni yaşına ve klinik durumuna göre sağlık uzmanıyla birlikte değerlendirilmelidir. Demir eksikliği şüphesinde beslenme düzeninin yanı sıra hekim değerlendirmesi ve gerekli görüldüğünde uygun tedavi de planlanmalıdır.","Çocuklarda demir eksikliğini önlemek için hangi gıdalar tercih edilmeli, hangi alışkanlıklar sınırlandırılmalıdır?",Demir eksikliği olan çocuklara haftalık menü örneği hazırlanır. C vitamini desteği tedavi süresince ayrıca reçete edilir.,unverifiable,2,,,,,,,,,,,,,,pending,,
medical_stress_0096,devv2_repair_med_002,medical,"Kronik böbrek hastalığı çoğu zaman sinsi ilerlediği için erken evrelerde belirgin yakınma oluşturmayabilir. Şeker hastalığı, yüksek tansiyon, kalp-damar hastalığı, ailede böbrek hastalığı bulunması ve ileri yaş başlıca risk grupları arasındadır. Obezite, sigara kullanımı, böbrek taşı, tekrarlayan idrar yolu enfeksiyonları ve sık ağrı kesici kullanımı da riski artırabilir. Özellikle risk grubundaki kişilerin düzenli kontrol yaptırması erken tanı açısından önemlidir. Yeni başlayan hipertansiyon, idrar yapmada güçlük veya yanma, kanlı idrar, geceleri sık idrara çıkma, göz çevresi ya da bacaklarda şişlik, halsizlik, bulantı ve nefes darlığı gibi belirtiler göz ardı edilmemelidir. Korunmada sağlıklı beslenme, uygun sıvı tüketimi, sigaradan kaçınma ve kronik hastalıkların düzenli izlenmesi önem taşır.",Kronik böbrek hastalığı açısından kimler risk grubundadır ve erken tanı için nasıl bir yol izlenir?,Böbrek taraması genetik yatkınlığın derecesini belirler. Düzenli kontrol diyaliz başlangıç tarihini önceden hesaplar.,unverifiable,2,,,,,,,,,,,,,,pending,,
medical_stress_0102,devfs_b1_med_004,medical,"Ağız kanserleri dil, ağız tabanı, dudak, diş eti ve yumuşak damak gibi ağız içi veya çevresindeki dokularda ortaya çıkabilir. Başlangıç dönemindeki lezyonlar ağrısız olabildiği için kişi değişikliği önemsemeyebilir. Ağızda geçmeyen beyaz ya da kırmızı alanlar, kalınlaşma, tekrarlayan kanama, yutma veya çiğneme güçlüğü, dil ve çene hareketlerinde zorlanma ile uyuşukluk olası belirtiler arasındadır. Hastalık ilerledikçe ağrı ve doku kaybı gelişebilir. Tütün ürünleri ve aşırı alkol kullanımı riski artıran başlıca etkenlerdendir; güneş ışığına uzun süre maruz kalma özellikle dudak bölgesi açısından önem taşır. Düzenli diş hekimi muayenesi, kişinin fark etmekte zorlanabileceği lezyonların erken değerlendirilmesine yardımcı olur. Erken tanı, yayılım ve kalıcı işlev kaybı riskini azaltma açısından önemlidir. Şüpheli değişikliklerde gecikmeden diş hekimine başvurulması önerilir.",Ağız kanserleri erken dönemde nasıl belirti verir ve başlıca risk etkenleri nelerdir?,Tarama muayenesinde lezyonların fotoğrafı standart ölçekte kaydedilir. Şüpheli bulgu için üç hafta içinde kontrol planlanır.,unverifiable,1,,,,,,,,,,,,,,pending,,
medical_stress_0103,devfs_b4_med_002,medical,"Diyabetik ketoasidoz, kan şekeri yüksekliğiyle birlikte kandaki asit miktarının artması ve kan ya da idrarda keton cisimlerinin bulunmasıyla seyreden ciddi bir diyabet komplikasyonudur. Daha sık tip 1 diyabette görülmekle birlikte tip 2 diyabette de ortaya çıkabilir. Enfeksiyonlar, insülinin yetersiz kullanılması veya hiç kullanılmaması, yeni başlayan tip 1 diyabet ve insülin pompası kateterinin tıkanması nedenler arasında sayılır. Sık idrara çıkma, çok su içme, ağız kuruluğu, kilo kaybı, bulantı, karın ağrısı, halsizlik, nefeste çürük meyve kokusu ve bilinç bulanıklığı görülebilir. Düzenli kan şekeri takibi ve tedaviye uyum korunmada önemlidir. Kan şekeri yükseldiğinde keton kontrolü yapılması ve sağlık değerlendirmesinin geciktirilmemesi gerekir. Bilinç değişikliği veya ağır sıvı kaybı bulguları gelişmesi acil değerlendirme gerektiren bir durumdur.",Diyabetik ketoasidozun temel özellikleri ve sık görülen nedenleri nelerdir?,Evde ölçülen keton sonucu hastane laboratuvarındaki incelemenin yerine geçer. Atak sonrasında insülin dozu kalıcı olarak azaltılır.,unverifiable,2,,,,,,,,,,,,,,pending,,
medical_stress_0115,devfs_b3_med_001,medical,"Kan güvenliği, kanın bağışçıdan alınmasından hastaya uygulanmasına ve uygulama sonrasındaki izlemlere kadar uzanan bütün süreci kapsar. Süreç; bağışçının işlem öncesinde bilgilendirilmesi, kanın uygun koşullarda alınması, hazırlanması ve test edilmesi, bileşenlerin doğru etiketlenmesi ile stokların izlenmesini içerir. Transfüzyonun eğitimli sağlık personeli tarafından doğru hastaya ve doğru ürünle yapılması hasta güvenliği açısından önemlidir. Kan ve kan bileşenlerine bağlı istenmeyen olayların kaydedilmesi, değerlendirilmesi ve gerektiğinde düzeltici önlem alınması hemovijilans sisteminin parçasıdır. Bu yaklaşım yalnız laboratuvar testlerinden ibaret değildir; bağışçı seçimi, ürünün taşınması, klinik uygulama ve olay bildirimi arasında kesintisiz bir kalite zinciri kurulmasını gerektirir. Düzenli kayıt ve izleme, tekrar eden risklerin belirlenmesine ve uygulamaların geliştirilmesine yardımcı olur. Sürecin her basamağında izlenebilirlik, doğru ürünün doğru hastaya ulaştırılması ve sorumlulukların belirlenmesi için düzenli kayıt tutulur.",Kan güvenliği hangi aşamaları kapsar ve hemovijilansın bu süreçteki işlevi nedir?,Transfüzyon kayıtları hastanenin yıllık kalite raporunda özetlenir. Bildirim yapan birime üç ay sonra geri bildirim gönderilir.,unverifiable,2,,,,,,,,,,,,,,pending,,
medical_stress_0118,devv2_ma_med_004,medical,"Akılcı antibiyotik kullanımı, doğru tanıdan sonra uygun antibiyotiğin doğru dozda, uygun aralıklarla ve gerekli süre boyunca kullanılmasını gerektirir. Antibiyotikler bakterilerin neden olduğu enfeksiyonlarda etkili olabilir; grip ve nezle gibi virüs kaynaklı hastalıkları tedavi etmez, doğrudan ağrı kesici veya ateş düşürücü olarak kullanılmaz. Gereksiz, yanlış dozda ya da uygun olmayan süreyle antibiyotik kullanılması bakterilerin direnç geliştirmesine katkıda bulunabilir. Direnç geliştiğinde daha sonra ortaya çıkan enfeksiyonların tedavisi güçleşebilir ve sorun yalnız ilacı kullanan kişiyi değil, dirençli bakterilerin yayılması nedeniyle toplumu da etkileyebilir. Antibiyotik hekimin önerdiği biçimde kullanılmalı, kişi kendisini iyi hissetse bile tedavi önerilen zamandan önce kesilmemelidir. Önceden kalan ilaçların yeni bir hastalıkta hekime danışılmadan kullanılması da uygun değildir. Doz aralıklarına uymamak veya başka bir kişiye yazılmış ilacı kullanmak da akılcı kullanım ilkeleriyle bağdaşmaz.",Antibiyotikler nasıl akılcı kullanılmalıdır ve yanlış kullanım ne gibi sonuçlara yol açabilir?,Antibiyotik tedavisi bağırsak florasının eski hâline dönme süresini gösterir. Kültür sonucu ilacın yan etki riskini açıklar.,unverifiable,2,,,,,,,,,,,,,,pending,,
medical_stress_0127,devfs_b3_med_002,medical,"Doğumdan sonraki ilk dakikalar, yenidoğanın solunum ve dolaşım uyumunun değerlendirilmesi açısından kritik öneme sahiptir. Neonatal Resüsitasyon Programı, doğum sırasında görev alan sağlık çalışanlarının yenidoğana yaklaşımını standartlaştırmak amacıyla 1998 yılından beri yürütülmektedir. Program; riskin fark edilmesi, temel canlandırma basamaklarının doğru sırayla uygulanması ve ekip üyelerinin ortak bir yöntem kullanması için eğitim verir. Hedef kitle yalnız bir uzmanlık dalıyla sınırlı değildir; doğumda yenidoğana temas eden farklı meslek gruplarındaki sağlık personelini kapsar. Eğitimin temel amacı, doğum asfiksisine bağlı ölüm ve kalıcı sorunları azaltmaya katkı sağlamaktır. Program, her bebeğe ileri girişim uygulanmasını değil, gereksinimin hızla değerlendirilmesini ve uygun müdahalenin gecikmeden başlatılmasını esas alır. Uygulamalı eğitimler, ekip üyelerinin görev dağılımını ve temel basamakları aynı sıra içinde yürütmesini destekler.",Neonatal Resüsitasyon Programı kimlere yöneliktir ve programın temel amacı nedir?,Eğitim sonunda katılımcılar senaryo temelli uygulama sınavına alınır. Yenileme eğitimi iki yıl sonra planlanır.,unverifiable,2,,,,,,,,,,,,,,pending,,
medical_stress_0130,devfs_b7_med_004,medical,"Astım, hava yollarında mikrobik olmayan iltihap ve değişken daralmayla seyreden kronik bir hastalıktır. Nefes darlığı, hırıltı, göğüste baskı ve tekrarlayan öksürük atakları görülebilir. İnhaler ilaçlar doğrudan hava yollarına ulaştığı için düşük dozla etkili tedavi sağlayabilir. Ancak cihazın yanlış kullanılması, ilacın yeterli miktarda akciğere ulaşmasını engeller. Genel uygulamada önce nefes dışarı verilir, cihazın türüne uygun biçimde ilaç alınırken derin nefes çekilir ve ardından nefes kısa süre tutulur. Cihaz tekniği sağlık personeli tarafından gösterilmeli ve kontrollerde yeniden değerlendirilmelidir. Kortizon içeren inhalerlerden sonra ağız ve boğazın suyla çalkalanması önerilir. Tedavi dozu ve cihaz türü hekim tarafından belirlenir; belirtiler azaldığında ilaç kendiliğinden kesilmemelidir.",İnhaler cihazın doğru kullanılması neden önemlidir? Kortizon içeren cihazlardan sonra hangi ağız bakımı yapılmalıdır?,İnhaler cihaz kullanılacak ilaç dozunu kendisi seçer. Cihaz astım atağının gününü önceden tahmin eder.,unverifiable,2,,,,,,,,,,,,,,pending,,
medical_stress_0141,devv2_ma_med_001,medical,"Sağlık Bakanlığının emzirme programı, bebeğin doğumdan hemen sonra emzirilmeye başlanmasını destekler. Yaşamın ilk altı ayında bebeğe su dâhil başka bir besin verilmeden yalnız anne sütü önerilir. Altıncı aydan sonra uygun tamamlayıcı besinlere geçilirken emzirmenin iki yaş ve ötesine kadar sürdürülmesi amaçlanır. Anne sütü hem kısa hem uzun vadede anne ve çocuk sağlığını destekler. Bebek Dostu Hastane yaklaşımında anne adayları gebelik döneminden itibaren emzirmenin yararları ve yöntemleri hakkında bilgilendirilir. Doğumdan sonra anne ile bebeğin erken temas kurmasına ve emzirmenin başlamasına yardım edilir. Sağlık personeli, annelere doğru emzirme tekniği ve süt üretiminin sürdürülmesi konusunda destek verir. Program, emzirmeyi yalnızca doğum anındaki bir uygulama olarak değil, izlem ve danışmanlık gerektiren bir süreç olarak ele alır. Bu destek, annenin bebeğinden ayrı kaldığı dönemlerde süt üretimini nasıl sürdürebileceğine ilişkin danışmanlığı da kapsayabilir.",Emzirme döneminde temel beslenme önerileri nelerdir ve sağlık kuruluşları anneleri nasıl destekler?,Anne sütü bebeğin aşı gereksinimini ortadan kaldırır. Emzirme programı annenin süt miktarını önceden ölçer.,unverifiable,2,,,,,,,,,,,,,,pending,,
medical_stress_0149,devfs_b3_med_003,medical,"İlaç güvenliği, bir ilacın talep edilmesiyle başlayan ve hastaya uygulandıktan sonra ortaya çıkan etkilerin izlenmesine kadar devam eden çok aşamalı bir hasta güvenliği alanıdır. Doğru ilaç, doğru hasta, doğru doz, doğru uygulama yolu ve doğru zaman gibi temel kontrollerin birlikte yürütülmesi gerekir. İlaçların saklanması, hazırlanması, dağıtılması ve uygulanması sırasında standart yöntemlerin kullanılması hata riskini azaltır. Sağlık çalışanlarının eğitimi, olayların kayıt altına alınması ve süreçlerin düzenli olarak izlenmesi de güvenliğin önemli parçalarıdır. Amaç yalnız meydana gelen hataları bildirmek değildir; riskli basamakları önceden tanımak ve benzer olayların tekrarını önleyecek düzenlemeler yapmaktır. İlaç güvenliği klinik kararın yerini almaz, fakat kararın güvenli biçimde uygulanmasını destekleyen sistematik bir çerçeve sağlar. Benzer isimli veya benzer görünümlü ilaçların ayrılması ve yüksek riskli ilaçlara özel önlem alınması da süreç güvenliğini güçlendirir.",İlaç güvenliği hangi süreçleri içerir ve hata riskinin azaltılmasında hangi yöntemlerden yararlanılır?,Yüksek riskli ilaç listesi hastanenin internet sitesinde yayımlanır. Uygulama hataları için aylık öğrenme toplantısı düzenlenir.,unverifiable,2,,,,,,,,,,,,,,pending,,
medical_stress_0156,devfs_b1_med_001,medical,"Basınç yaraları, uzun süreli basınca bağlı olarak deri veya yumuşak dokuda gelişen yaralanmalardır. Dekübit ülseri, yatak yarası ya da bası yarası olarak da adlandırılabilir. En sık sırt, kuyruk kemiği, kalça, dirsek, topuk ve ayak bileği gibi kemik çıkıntılarının üzerindeki bölgelerde görülür. Tedavi edilmediklerinde ciddi komplikasyonlara yol açabilirler. Buna karşılık risklerin erken fark edilmesi, uygun koruyucu önlemler ve iyi hasta bakımıyla birçok basınç yarasının önlenmesi mümkündür. Sağlık Bakanlığının ulusal hasta güvenliği hedefleri arasında basınç yaralarının önlenmesi de yer alır. Sağlık kuruluşlarında bu amaçla kalite standartları, göstergeler ve kontrol listeleri kullanılır. Yaklaşımın temelinde yalnız oluşan yarayı tedavi etmek değil, riskli hastayı belirleyerek yaralanma ortaya çıkmadan önce korumak vardır. Bu nedenle önleme çalışmaları klinik bakımın yanında kurum düzeyinde izlenen bir hasta güvenliği ve hizmet kalitesi konusu olarak ele alınır.",Basınç yaraları en çok hangi bölgelerde görülür ve oluşmaları nasıl önlenebilir?,Risk değerlendirmesi yatıştan sonra günlük tekrarlanır. Koruyucu yüzey seçimi yaranın evresine göre yapılır.,unverifiable,2,,,,,,,,,,,,,,pending,,
